timestamp,text
1346.5,既然有这个机关，就说明这种事情的发生在过去相当常见了
1753.984,“我本可以忍受黑暗，如果我未曾见过光明”
80.571,《睡过头发现迟到的你》
688.595,《卡住铅的自动铅笔》
639.219,有没有一种可能，把小兄弟的手给砍断了也是一样的（）
998.201,得叫《灭世》了
842.6,李火旺直呼内行
833.947,注意，这个和“主角”合体的寄生兽才是刚才我们操纵的，注意它手上有装置而且有一样的枪
650.494,伊建山联没啦/doge
1116.856,那个我看过设定集 主角这个生物是没有 皮肤 这个设定的
1640.038,很难想象游戏作者是在怎样的精神状态下做这个游戏的
861.635,《赛博朋克2077》 Bgm自己脑补
1795.534,注:这个寄生兽是上一个死掉的男主变的所以才会有两张脸，其中一张就是主角的脸
1805.092,非常担心制作组的精神状况！！
436.214,这是被“分化”的“人”，相当于“工人”。
1678.462,这里可能是通过疼痛而刺激脑神经，让意识不会一下子就断开吧
325.17,暗示无需三连（doge）
1096.203,这里大出血和惨叫可能寓意的母亲难产
1433.492,哇，好帅「除了头以外」
777.395,也有可能是意识转移了，不是一个躯体但是同一个人
537.49,这里有办法让他活下来，他会跟着你去开门。最后卡在操作台留下他一个人
822.923,这里仔细看，这个“蜥蜴”的双手能看见那个操作钥匙
697.871,杰洛特叶奈法点了个赞
1779.414,这剧情要是谁看懂了   真的可以去考研了…
1295.914,手臂需要在机器里清除藤蔓侵蚀，这里up没讲
173.801,刺客信条：异形
368.45,这和看鸡蛋坏没坏一个方法哈哈
1734.481,这里换视角应该是寄生兽把脑线给搞断了
16.982,这游戏我小学看过预告片，没想到现在才发布
1529.881,我也想到火子哥了，主要是痛苦和主角无视痛苦
905.982,血的供养（bushi）
873.214,卧槽，说实话有点帅的啊
707.915,正是你想的那种东西
496.85,《孵   化》
933.137,走……的不是很到位
599.419,可恶！还甜蜜的挺可爱的！！！
902.212,这个是原始意识和自我意识的冲突
1514.196,这里剪掉了一段不能播的
1300.481,这个是“眼睛”，后面主角意识进入到这俩的时候，“看东西”靠的就是这“花”
1128.756,帅是帅，但我不想要
1665.383,原来主角嘴已经被封上了，怪不得喊不出来
133.324,冷知识：复合材料也是有机物
1071.478,这里也是对生命的蔑视
104.866,问：摔死了几个杰洛特？
1264.371,懂了，其实就是我们一直幻想的器官模块化
238.312,人话：卡关了
330.617,就是没有三连（doge）
227.419,说白了完全不知道要干嘛，懵逼的很
1255.051,妈妈，我近视了
154.379,蛙，主角好多腹肌（doge
108.26,这个游戏对与喜欢生物与科技的人来说简直就是梦中情游
1481.806,排出毒素，一身轻松～
302.824,“人手”不足（doge）
725.341,《虚空》
93.104,我sec值不多，但是sin值多[doge]
117.28,人类克隆新的躯体并将意识转移获得永生，但是克隆体失控了。
1396.953,《真丶肉中刺》
966.826,风灵月影：你说什么？
1080.605,应该是职责，这玩意就是为了被这么弄才这样的吧
299.734,莲：这次的任务需要由你本人来完成 祝你好运
890.621,葛弗雷：别cue我！
848.959,这是寄生体是前面主角，记得那个冲击锤嘛
615.75,易建联表示很淦！
1419.282,那是寄生兽的只因
1647.358,非常担心制作组的精神状况！！
1189.029,六臂神皇（bushi）
1701.443,其实没有嘴巴但有鼻子的话是可以发出“嗯”这个音的
1444.111,就是开头睁开眼的一号主角，那时候他已经变异成现在的寄生兽了，场景突然切换就是回忆，切换时袖箭也没了，因为那时候还没获得
514.685,挖勺机
469.387,san值：85%
657.375,是“我”对生命的蔑视
882.822,所以后面的关卡会有战斗剧情
124.668,这游戏制作人听说是车祸死亡十分钟后活过来，记忆中得场景，然后再加以调整
1212.072,血祭血神！颅献颅座！
1139.713,《蔑视源记》
1626.464,机械飞升对抗血肉变异~~
1035.215,你怎么敢假定主角是银？
1564.393,神圣的F2连接着我们！
209.339,血肉苦弱，机械飞升
895.911,双 人 成 行
1484.499,大洞原本未必存在，你的注视使它坍缩为存在状态
752.622,主角：幸好我住在2楼，这连个楼梯也没有，住的高了不得摔个包
909.671,岁岁，来吃血珈了
598.095,可爱捏
1555.8,这主角是什么超级祆景王
1760.723,就差……一点点啊
745.686,审核：你小子挺狂的啊
592.627,妖娆的身姿
639.59,明示三连没了doge
1552.104,墨菲特神经网络《已连接》
1791.66,无奖竞答：作者是处于什么状态下做的这款游戏
731.951,这里已经换人了
996.423,《DOOM：INMORTAL》
1739.493,这里换回来明显是脑接线被寄生兽给切断了
445.448,这种串联起来的解密，设计度非常的高，很厉害
1567.614,昨天晚上看一半睡着了 现在接着看（主要是星星声音好温柔
1454.547,就是开头睁开眼的一号主角，那时候他已经变异成现在的寄生兽了，场景突然切换就是回忆，切换时袖箭也没了，因为那时候还没获得
1169.962,门口会有人拦住你让你出示二维码
56.254,重口内容包含一些游戏
836.721,生物装甲？
504.348,其实这里可以反过来让这个生物活下来的
1355.055,德国boy（幻听）
178.6,灭骸之刃，手背版(
538.947,这里应该要转过去，挖掉背面的壳才是“帮助孵化”，挖掉正面就只能是丢弃了
1094.814,she是英文里一种比较诗话的手法，这里并不代表性别，死亡细胞里大眼的叙述也用了类似的手法
1772.606,主角是靠脑子连的线操作那个蓝皮红肚人的，然后寄生骨一捣乱，线断了
434.198,san值：90%
525.415,他们自“出生”便是这样
695.353,我滋口唾沫都比这射程远
166.574,啊焯焯焯放开我！
1634.902,不得不说美术牛逼
639.821,这个小兄弟的两种结局就反应了这个文明对生命的“蔑视”
1174.459,up：“给我亮血条！！！”
1066.284,长得好像白金之子，但是身躯如同星星般庞大，不如就叫白金之星吧
1025.379,《指挥官》
1604.278,开花是无线信号接收器？
85.641,这段被加速了，原版动作很慢的
1669.217,其实这一步就是我献祭我自己
501.699,对，没错，孵化
1799.527,这是什么猎奇游戏
1474.366,哲学意义 自己的妻子
1563.603,“太好啦！⼤好啦！”听妈妈说，我的大脑跨上了信息⾼速路
979.019,叮，达成成就，
764.191,这是换主角啦兄弟
967.677,风灵月影宗大弟子，从不躲闪
252.988,cod炮艇同款头插显示屏
1578.064,是传识，指挥官上战甲了
783.874,这是第二个主角。第一个主角的左手上有那个标记。
1156.11,你的疫病等级提升了
543.368,把蛋壳反着弄可以让活的兄弟过来
534.657,《give me a hand》
839.853,血肉机甲
637.419,视生命为工具，这就是最大蔑视
836.527,这就是第一个主角 这一段就是等于夺舍了应该 第二个所谓的主角其实就是工具人
81.235,《睡过头发现迟到的你》
541.548,还有一种可以救他出来
1112.371,生物科技的主要是把生物当做科技，因此她是道具，你会因为炮仗被点燃后就要被炸的四分五裂难过吗？被使用才是科技的价值
691.04,《 未 来 科 技 》
685.855,筋膜枪（
606.601,星星妈妈
846.231,李岁和李火旺
687.395,《射程C》
1543.548,关羽说这都不是事，你格局小了
659.471,你出门后小老弟手就拿出来了，然后变成了另外一个你，他在去搞一个小老弟，对不对
1596.378,那花一定是Wi-Fi天线咯
1614.878,头部开花用来连接wifi是吧
85.907,这一段好像是第1个主角变异后视角
1484.049,《掏心掏肺》
824.515,第一位主角已变异
1751.998,这个故事告诉我们，斩草要除根
563.054,小兄弟：碎碎平安
1096.525,san值狂掉，这段看着真的很难不去想这个怪经历了什么
1151.592,想到了强殖装甲
439.123,san值减少一道三角函数
842.659,这个科技树怎么说呢。。太费血
114.981,我的cos值挺多
1179.239,《忒修斯之船》
878.696,这设定也太神了
1757.801,头顶神经链接被搞断了吧，所以才会意识回归
739.379,第二个主角出来时 时间已经过了很久了
402.586,华容蛋（指正）
1184.254,审判庭来了都得发灭绝令
1168.723,这个文明有生殖崇拜
573.078,刮刀是打胎，锯子是破腹产
372.345,我就是玩到这里，玩不下去退了，一会再尝试尝试
1431.298,卧槽有点涩怎么回事…
1670.637,不知道戳自己的肉体有啥含义，难道是因为濒死了所以要用疼痛保持清醒？
641.728,这就是三连的下场，都给我记住了。
1439.99,好像一只巨大的脊蛊
1744.859,克苏鲁的呼唤
1632.668,tm谁这么不小心！头骨装反了！怪不得灭了族
1561.045,终于可以上网冲浪了！
1065.019,你怎么回事？小老弟！
1100.996,有没有一种可能也许这是她的使命就他是那种为了复兴这个种族他必须要做出牺牲的那种
592.86,实际上你还不如把他噶了，他太虚弱了，而且最后会被困住，留着是痛苦
1394.908,回去找你兄弟接一手
1450.616,寄生兽其实是第一个主角（被白色物质淹没的）
1697.408,注意，这里抱着的人是没有嘴巴的，所以做这个手术没有发出声音我觉得挺正常的，谁赞成谁反对
1180.579,巨大多生殖崇拜
547.382,别救了那根本不是救 就就留在这等死的 更残忍
600.25,赞我撅它（喜
606.182,《换个游戏，你霰弹枪都怼它脸上了》
509.414,《小兄弟:我特么真的会谢》
233.919,要么趁着时间还没过，赶紧退钱
666.017,门关上他就可以出来了
1134.574,从口入，初其狭，才通人，复行数十步，豁然开朗
1475.102,这里寄生兽拔出的时候肠子流一地
1173.311,两边这两对儿在干嘛
1027.499,真的像普罗米修斯
986.405,是饺子
1259.358,克朗！你的小飞碟座驾去哪了
737.389,换人了，看手部没有控制装置
526.561,《留了一手》
1101.27,她好温柔，我哭死
540.686,这里有两种，另一种是活的兄弟过来，然后被困在这里
1233.141,也被很多BOSS打过（雾）
607.252,小兄弟是个模具人
1637.087,不是金属头骨就是真正的
1171.766,注意放在行刑架上，这是个伏笔
1640.02,《放弃了思考》
1740.35,不是意识转移到那具身体上了吗，怎么变回来了
189.379,灭骸之刃
1694.699,这不就是火旺的袄景教嘛
1733.607,感情这东西是特么真爱啊
696.837,这玩意连接着你的肺管
825.366,手上有操作钥匙！
987.139,突突枪其实是钥匙，只是主角把他当做救急武器来使用了
400.556,顶级华容道
714.098,筋膜枪。。。
1592.336,有喜了
688.275,异形直呼内行阿
1391.981,黑太岁啊
757.97,脱出（悲）
231.039,黄金梦乡
278.019,烫头
1116.624,蛆甲
1075.155,深坑女王
714.346,异形风格的性暗示啊，突出之后射出白色物质
1573.667,硬核联网
191.406,铁血战士也是这么启动机关的
39.635,刚刚发售？我感觉一年前就看过这游戏，正式版？
1426.459,我还在想那寄生兽去哪里了 原来一直在。。。
57.725,超大型巨人
667.679,异形二的母巢
1141.992,初极狭才通人 复行数十步豁然开朗
1526.622,是苍蜣登阶！
674.093,筋膜枪
860.357,md 背包系统是吧？
1003.308,林檎（悲
375.899,跟我完全一样
1634.918,带上石鬼面，十分钟内你的san值不会再掉
1792.897,这个文明就是这样消亡的
601.262,哇 好可爱的宝宝啊啊啊 * - *
628.798,双人成行
1165.382,我不愿意
652.199,等门关上的时候，它自己就挣脱出来了并且还向前走两步
1228.456,强欲之壶
967.762,风灵月影:你在挑衅神明吗
1379.613,我是超级沃景王
1104.766,检测到relic故障
1439.344,蔑视是14年立项的游戏，8年了终于出了
152.954,工程师飞船
1544.637,好逮碘伏消个毒
638.157,工具被赋予生命是最残忍的
615.108,异颜丁真
1282.685,我爱喝水果榨汁儿
600.567,妖娆的身姿
198.71,有《星际拓荒》内味
24.259,克苏鲁神话
654.861,三连没有好下场
8.274,虫群等待着召唤
178.577,蜘蛛侠信条
1276.405,生榨
720.39,被蛇晕了
611.287,《换个游戏，你霰弹枪都怼它脸上了》
1468.551,应该是逃跑是个伏笔
987.633,"圣树一条街,有命你就来↑"
1.027,玛娜之花（bushi)
715.103,这文明有生殖崇拜，就，都懂了吧，白乎乎粘哒哒
1035.014,天诺指挥官
1700.99,这个时候应该是在拿手术刀，刺痛自己，让自己神志清醒
130.859,生物飞船
1731.07,寄生兽：我要像病魔一样侵入你～
1019.264,天诺战士
1782.419,蛋蛋生成
739.234,有没有可能是意识转换，前一个转移到这个身上
1709.801,道爷，你着相了
1030.377,异形工程师
906.056,检测到relic故障
1307.777,更诡异的事，这是你自己做的，没人指引。
512.851,这里有两种选择，一种是弄死，一种是不弄死，这都不影响通关的
1606.963,大喜，大喜，大喜～
932.7,这个是哥哥吗！哈哈
144.379,血肉魔法 蔷薇主教
910.017,岁岁是吧（恼）
1444.326,这个脸，不就是最开始的咱吗，手上也有钥匙
157.759,外星绘卷
1782.349,无法理解这游戏想表达传递什么样的东西
632.411,卧槽，这么阴险吗，小兄弟手被锁住了！开这个门的代价就是一定会献祭一个人的吗！?
1746.631,亲情，抑或是自己的血肉，终于打破了神经的连结，寄生兽没有错，他只是想要找回自己的兄弟，与自己双生，却因蔑视而抛弃自己的兄弟
469.822,生异性
1007.099,储梦池
1782.12,那个不是寄生兽，是被强行剥离的双面人
507.507,这个装置就像饭勺一样方便把里面东西挖出来
1356.115,转笔刀
1734.779,老婆:背着我偷情是吧？但我还是会选择你
1303.489,乐开了花
816.742,它的嘴巴是人的脑子，低下连接着人的头骨，有可能是上一个主角
1469.24,这就是一开始的主角啊
521.203,你兄弟没了
642.506,懂了，你三连没了（
1302.317,口吐芬芳
1446.419,外附魂骨
171.704,科技与狠活
766.217,空洞骑士3D
1288.347,六个核桃
1752.056,别老婆老婆的，这是血肉相连的兄弟
519.678,他还留了一手
1175.797,你这雕像玩的挺花啊
1161.021,血摸来啦
1409.101,风灵月影
228.022,高情商：真实的临场感受    低情商：没有任务指导提示
474.841,烫头
524.825,小兄弟:你说呢？
140.99,沙耶之歌
1194.223,六葬菩萨(doge)
176.836,万物皆虚 万行皆允
1028.405,这个游戏的风格就是异形画家的风格，大家可以去看异形电影的原画师的画作，在这个游戏中有很多体现。
450.204,推箱子 3D pro max 血肉版？
161.919,命运2：这个我熟
1621.362,循声者
205.904,华容道那里我还忙活了一会儿
1688.409,魂斗罗
789.659,强殖装甲
515.379,恕我直言，这更像是挖去不需要的部分
1634.614,这里的人们拥有双体 他们渴望分离 这是分离后导致的  背部没有皮
1165.761,我大树守卫呢
1799.208,这就是蔑视，我们战胜了亘古的长河，但是败给了本能
1346.566,原来主角会发出声音啊？？
156.939,道诡异仙点个了个赞！
779.583,二刷了：有没有一种可能，猪脚是被意识转移了？而且只是复制了意识转移了新肉体，然后前肉身还有意识，前肉身嫉妒也好本能也罢，就来找新肉身。。。
1681.486,好家伙，血肉苦难是吧
887.392,战士好评！
1378.302,留着寄生骨很多操作都没法做
702.336,异形的嘴巴
551.11,可以的，但是会被困在操作台上，还不如给它个痛快
844.947,李火旺找到同类了
1113.587,《黑头》
1122.792,蛆甲
454.139,去壳
1023.397,人类的肢体结构，绝对不是最适合作战的结构，真正作战的话，高达那种完全就是人类对于自己习惯的YY，多手多脚关节无死角旋转 这种才应该是更加合理的方向
776.435,嘴巴是竖行的
118.062,普鲁米修斯既视感
826.58,这个就是第一个主角
1343.261,洗手
1296.846,神马花？沃德花！
217.854,各种奇奇怪怪的器官
623.862,有啥好怕的，因为主角也是个眉清目秀的俊小伙
318.23,奶黄包  豆沙包  芝麻包
840.226,因为现在是寄生兽的意识在控制主角
744.274,没换，开头第二个主角一上来就有钥匙，这个是重塑了
1765.203,神经连接断了，母体不能动了
166.844,只建议一口气玩完，要不然迷路迷死你
1029.745,高人种，说真的…我没搞明白，肉墙生出的纯人种居然不如自己造出来的人造种
1558.315,看了以后再看充电器都感到害怕
695.126,这是把气枪，用的是主角肺内的空气
1665.64,获得新生的主角对从前低等的自己的蔑视
1095.207,她是母亲，血肉母亲
855.036,第一次看到它还会帮我们拿东西我真的笑了好久
1735.498,话说能不能带着寄生兽一起完成仪式
1271.482,魔多克
1191.544,六臂神皇！
646.074,暗示不要山联（
283.595,5000+正在观看吱一声
634.222,看到没有，这就是三连的下场，就算是UP亲兄弟也得*！
94.299,整部游戏一个词语概括 “神不在乎”
1667.979,原来是没有嘴巴
222.491,可以尝试边转边画个地图草图什么的
899.194,寄生兽
1832.194,电子榨菜，下饭
546.758,不选勺选圆锯可以活，但它胳膊会被锁住不能进入下一关。
874.023,这游戏有枪是吧，OK确定了，FPS看我这就去买
1252.016,成变形金刚了，大黄蜂手炮
1816.172,可以去补带设定集补充的解说，其实根本不是“寄生兽”，而是主角妄想剥离跟自己同命相连的人飞升，结果遭到肉体最原始的反噬，这就是蔑视肉体的下场。
1669.944,他在告别过去苦痛的自己，要飞升了
1672.167,这里是为了持续刺激神经以保持连接
194.835,很痛，但很好用（
648.241,如果你开观察者会发现等到门关掉以后那个小兄弟会自己挣脱出来走。
1805.735,san值掉光
1785.71,论补刀的重要性
1678.013,现在是在追求精神永生的路上
467.836,大哥，你这都不打码，那我想知道什么才要打码
1769.563,我玩的时候把自己代入了，超级痛苦
1701.59,只要声带还在，没有五官都可以出声
1838.462,你做到了！！最棒的解说！
1559.856,袄景总部是吧
17.199,真下饭，小二来两酒，加san的
1641.862,这个之前应该也是一个人，然后被制作成血肉机器，而且是在背后改造的
239.219,解密真的累，玩游戏玩出疲劳感还是算了
1067.047,那条道路与其说是切开，倒不如说是从她身体里面扯开的
631.227,你三连没了（
77.848,异性契约
1337.127,用枪顶一下
275.488,抓娃娃机
1114.857,李火旺直呼内行
1829.032,这个种族被自己制造的寄生兽毁灭了，有怎么去除寄生兽的设备，科技甚至发达到可以换一副肉体达到彻底根除寄生兽的办法，最后结局仍是灭亡
501.971,这个是留一手，去另一个机器是破壳留一人
755.984,黑客帝国
495.587,这小可爱还挺别致
1539.433,对他使用苍蜣登阶吧
1597.879,这个只是傀儡
1265.035,忍者神龟的那个？
220.796,机械迷城
811.417,这其实是之前那人，开头画面睁眼时已经变异了，而之前的两章可能是第一个人的回想
1015.985,玛娜之花
644.121,蔑视可能是我们对工具的蔑视
1795.346,笑死我了非得看过灵笼才懂
400.356,这个仔细看有人漏在外面
1096.582,为什么是“她”而不是“他” 这东西看起来没有性别之分
1544.02,火子哥知乎内行
605.954,母爱泛起
46.128,没事情，反正我又不会去玩
730.233,也可能是换主角了 有两个 上一个就这么没了
1548.506,感觉到了是李火旺
1743.803,这玩意是不是不能用机器拆啊
144.022,这就是技能树点的不同路线了，人类机械路线，这个种族点的生物科技
1684.35,这一幕让我想起了合金弹头6的boss金星女王
929.008,我tm就刷cxk，cxk就是只因怪
886.179,岁岁！
1811.083,故弄玄虚，青铜门背后是什么，我不说就永远钓着你，并不高级
1819.636,意义不明的诡异游戏。
1681.854,维克托一代
1067.572,这是母亲，主角的母亲，或者说是这个种族的母亲，她死了，一切都结束了。
1829.832,他们为什么叫蔑视，因为他们蔑视血肉而正因这最低级的血肉终结了他们
1828.1,完美，完美，
810.017,这个生物就是一号主角
1736.765,这里是因为神经连接被切断了，所以说视角要回到主视角了
1677.091,这个玩意是一直让他痛来刺激神经的，以防止现在虚弱的主角出现昏厥或者是什么的，导致神经连接中断
1355.5,这里真的看着好疼啊
1312.61,那两朵花是CPU接口。
1780.144,他们本身就是一体的兄弟
449.188,我第一次玩到这儿的时候感到了一阵恐惧，妈耶，有其他活物和我在一起了
751.488,自己拔下来脐带是有点生猛的
1799.955,这个角度多蔑视啊 就像机械体蔑视肉体生命一样
899.366,掏心掏肺
1773.052,网线被拔了，控制不了机器人了
171.582,真的很怕把手伸进一个莫名其妙的洞里，然后就发生游戏里这种画面
1178.222,生殖崇拜
1741.367,c，为什么我会感觉有点涩
1673.744,其实这一步就是我献祭我自己
1795.606,主什么都知道，但主不在乎
1078.926,母亲
1788.669,太涩了救命
1714.019,道诡异仙的小鬼能不能消停会儿啊
1386.265,道诡小鬼怎么这么多
341.579,麻辣毛蛋
172.849,亚空间混沌
223.259,做不到的话就打开元素视野看一下吧
1120.992,李火旺:怎么这么熟悉？
901.136,李火旺见了你都要跟你称兄道弟
1775.33,为啥我会想到灵笼的开头
1536.832,哈哈这也有道诡书友
1052.227,尸脑兽
449.459,每日脑子轰的一下炸……走错了
1023.419,工程师？这完全就是普罗米修斯的剧情吧
1284.547,脑仁：疼～
1415.099,白金之星，把我的嘴按住
806.521,我叫她妹子，这妹子老专一了，狠狠扒着腰子不放
1772.659,这也太绝望了
76.776,宫崎英高是碎片化，这个是一个字都不说，硬猜
1736.891,尼玛，这寄身体他祖宗哇，咋不弄死。
1074.951,有没有可能这是你麻麻
1442.067,和灵笼挺像的啊
1173.661,1.2万
127.379,有点灵笼的感觉
890.43,外星哪吒
1794.31,这寄生兽真tm歹毒啊
1815.883,没有 只感觉在竭尽全力地猎奇
1789.182,怎麼感覺有點色
361.819,画风喜欢，玩法劝退
1588.285,胡桃大战史莱姆视角
1477.718,人类世界还是太美好了
230.7,虫族
1553.684,掀起你的盖头来，让我来看看你的脑
345.251,华容道来了
523.421,这个蛋如果是正常的话应该是个孩子，但是这个设施废弃了很久，所以他在这个代理错误的长大了，而这个抓斗是用来抓取小孩的
952.212,深蓝是吧
1074.84,不是母亲不是女王，这玩意制作组他叫big boy，就是个工具，顶多是个被困在升降梯上的动物
1738.685,这里是预示人终究还是会被本能控制，无法彻底飞升
220.272,挺真实不是吗，很有代入感
1742.913,那个线应该是被切断了
37.051,为什么我玩完很爽
1559.801,这个就是飞升过程
65.24,很好的视频使我san飙升
1124.793,他有什么错呢？他只是想和你重新融为一体
27.299,《普罗米修斯》就是异形前传
644.744,砍手的话，好兄弟连基础操作权限都没有了，一样活不下去的
1436.972,如果这个生物是机械的话，那这个东西就是外骨骼装甲了
1063.214,一睹芳容
712.855,敬业
1396.629,物理意义的肉中刺
1025.169,那你都四只手了，可不得截然不同
771.559,这是另一个主角了
930.868,預判了它的預判
1763.879,能不能分离时把男一干掉
772.126,在里面破坏设施被认为是坏的组成，排除体外
627.689,第二故事结局：一个……累赘
108.571,萌新三连：我是谁 我在哪 我要干嘛
1787.801,hso
1424.125,设定图上的寄生兽就是没只因好吧
897.746,加满都
1515.919,是蔑视，也只有蔑视
649.123,满嘴顺口溜你要考研啊
475.963,没事，接下来更疼
1542.206,剃了一个彻底的头
605.048,男妈妈
1711.307,会不会是蔑视之前的我，我恨我之前的自己，我喜欢现在的我自己
1681.204,这里为什么不控制两个人走到机关这里来
88.499,注意这里爬行的距离是变异后的第1个主角视角了
1504.394,高能预警
1187.368,色孽神殿
1780.102,他们本来就是一体的
405.372,顶级难度的华容道
1784.809,色
1787.348,我可以
643.699,你山联没辣
682.459,是人们对肉体的蔑视
1806.034,哈哈，道爷我成了
646.197,三连的下场↓
673.859,好消息，我們有武器  壞消息，我們有武器
615.864,换个游戏 你火箭筒都怼他嘴里了
188.519,流血是伏笔
497.879,其实这里直接给他挖出来废弃对他来说反而是更好的选择
146.46,亚空间欢迎你
1284.894,宝宝金水
297.888,懂了，等待队友开启
848.604,为啥call我火子哥
1809.312,有一说一，up只是在简明的解说游玩游戏的过程而已，也不做其他的元素内容解析，几乎算不上解读和分析此游戏。
1057.11,感觉好像灵笼
1663.682,为什么要拔下？拔下的意图是什么？有什么作用？
888.615,岁岁是吧!火子哥
10.379,生物朋克
245.737,这是个异星工厂，不是什么飞船
1811.02,就是感觉肚子和胃很痛…
796.865,巨象文明
1528.68,苍蜣登阶我c
781.073,我正在吃肉包。。
25.481,血肉苦痛，机械飞升
1799.059,娃啊 我成仙了！
1487.498,这不是灵笼的脊骨吗，场景画风也很像，是你先出来的
0.641,泰拉瑞亚！
1633.637,脸在后面 卧槽
96.53,准备下饭
540.134,其实还有第二种，就是这种，就是孵化器的哥们儿不用死，但就是相对麻烦一些，当然和死也差不多
113.657,火子哥
241.742,老头环：没有引导，我熟啊！
894.007,直接赶去道诡异仙片场
59.891,异形，超越欲望和这的根源都是克苏鲁
1722.044,控制不了机器人了
182.691,哈哈哈哈哈
1444.456,玲珑的脊骨啊
1504.591,两开花
34.903,这游戏几个小时就结束了，没意思
1510.347,痛并快乐台
5.098,了解一下贝克辛斯基
1366.121,人？这游戏里你确定有人这种物种？
469.046,太搞笑了
1551.631,袄景教
149.182,有识血肉
104.339,2点半还有5000+你们不睡的嘛？
1829.891,这个故事莫名其妙
1157.35,本来挺害怕，一看人数7000+，瞬间就不怕了
306.195,九千多
808.328,这个就是之前那个主角
1322.779,这游戏这段穿帮真严重啊
147.347,有hr吉格尔的异形美术风格
891.117,画风真的奇葩
604.974,（只因）
294.163,1.3万人正在观看就离谱
1795.049,谁蔑视谁？
1749.051,哈哈哈哈
1117.101,啊啊啊啊，不行了，头皮发麻，快吐了
1821.134,应该是错误分支，被干掉
213.584,这游戏画面为什么这么晕
857.794,是你吗？李岁
614.62,可爱捏
887.759,是鸡贼
1807.017,啊？懵壁了
931.339,口水只因
48.958,没事儿，我也玩不下去
1016.723,灵里灵气
1785.531,灵笼？肉土？
1784.346,这到底玩了个啥？？
1016.633,《指挥官》
1783.009,好涩
845.573,这个筋膜枪不是第一个主角的吗
797.787,都是生物科技
1772.346,好吧，我懂up在游戏结束后的感受了……好痛苦……
91.591,不是cjb值？
1261.078,朗格
1429.994,好涩!
1016.215,涩涩的
614.762,被大肠杆菌扫堂腿了
508.984,我以为会像盖子一样把这个壳完全盖住的……
952.643,并非内心
425.363,就这个劝退我了太难了
515.155,哈哈哈哈
1542.16,挖槽
89.256,没有语言这个东西
27.871,一切的一切都是为了上传到公用神经网络
1139.948,神庙
648.907,门关上了说明它把手取出来了
860.88,四手霸王
1749.385,hso
58.371,我喜欢血浆黏糊的类型
237.922,我就是在这里退坑的
1083.998,并非没有反抗，你操作完之后就会有小怪来群殴
1285.571,啊？
614.498,星期五
330.284,异形作者和另一个艺术家合作的游戏
589.992,开背
1550.719,它们想做人！！！
1445.228,太帅了吧
161.837,空洞骑士即视感
140.098,血肉科技
1263.95,幼年将军
961.831,《FPS》
707.894,丁丁枪
745.553,创生之墙
793.613,文明抛弃了
724.948,另一个主角
549.746,孵化成功也没用，打开门会被机关卡死留到门这一边
767.345,生异性啊哥俩
759.256,这个是主角B
1568.88,互联网
863.583,加满都
596.875,这东西看上去风韵犹存啊
53.687,晕3d，只能看看视频了（）
887.166,起到一个背包+装饰的作用
59.511,最后那一段可以看到主角的坤坤
151.27,生生不息
135.786,这个真的很像异性/普罗米修斯
348.854,呀哈哈
687.802,异形的伸缩口器
888.782,泰伦？？？
1802.28,原生家庭
842.362,他身上枪头一在主角身上枪
1190.269,主脑
999.049,以后再也无法直视任何葡萄串了
1116.819,焯！i系玄骸
959.219,寄生兽：菜就多练
326.462,这个是生物胚胎，主角就是从这醒来
312.467,生命工厂
1645.464,作者画这些不害怕吗？
69.097,玩这个游戏不就是为了看那些么，打码干什么
1428.434,有点帅是什么鬼
853.544,一开始我以为是获得生物铠甲一样的东西，结果它隔三岔五掏肚子
128.759,这还好吧
708.022,那个飞起来的球怎么打？根本打不到
471.362,这需要打玛？？？又不血腥恐怖，这点承受能力都没有看什么看
260.966,会厌
76.674,这款游戏称得上是一款小神作，但也没有那么那么的神
1538.963,感觉有点像养鬼吃人，有点抖m了
1730.906,娃啊…
1038.686,up主还有个讲解视频，里面猜测这种人和主角是同一种族，只是经历了改造
1009.56,毁灭战士这个活不接
652.765,后面他还没有卡在那里，有上帝视角，自己挣脱开跑了，也不知道去哪里了
437.913,队友来了
1799.309,-
73.301,我看这种血肉一点感觉都没有
252.35,冰封王座
119.856,一股吉格尔味
600.221,单纯的生物，可爱
657.022,说白了，无论如何他都有可能会死
652.624,他最终结局估计是活活饿死了
1096.104,这描述怎么听着这么色
939.147,ranger
121.74,好真实的震动
891.391,鸡贼！
1064.863,全游戏最具压迫感的场景，要经历三次
217.034,我第一次玩用了五个多小时才通关
616.541,什么逆天言论
1574.811,御坂网络
463.132,我服了
177.457,果然重口
1849.7,我好奇后面是什么，值得这样牺牲
1229.731,还有高达
879.611,突然感觉还挺帅
1527.885,机仆
1493.411,卧槽，心素
116.831,黑洞表面亚空间那艘飞船的完全体？
10.154,这是工程师的母星吗？
6.818,桂头
852.677,好像本来就是一体的
546.637,这玩意不就是个材料人吗
1218.515,机甲，控制它的是这个红色的罐子，其机体就是咱们刚才见到的白人
1205.833,这是完美永生的躯壳啊
898.053,这可不是伙伴，这可是你，你自己
17.58,电影
1739.503,老六来了
1093.71,你们说这只生命体只是个工具的时候，正提现蔑视的由来
1305.66,视力
504.577,好，寄了
1703.307,寄生兽来了
716.071,sperm
474.691,霍金
143.251,利维坦
1624.635,不给寄生兽整一个？
1755.478,预示着通过女性来杀死自己而得到永生，也就是说抚养下一代
86.674,艺术成分很高啊，三四层楼那么高的
300.6,做成AR游戏可能会比较好
1191.773,奥札奇
186.277,希卡之石
10.321,咋搜
169.674,想起了SOMA
887.721,菈妮…？
132.891,这个我看的好晕呀
732.233,换人了
51.939,不敢玩
57.426,大胆购买，谨慎游玩
472.666,是故意调整成这样的
1005.499,博爱之城（bushi）
890.975,那不就是一个背包吗
1551.101,《夏油杰》
747.062,精斑
524.215,他留了一手
492.934,这应该就是在做主副面人的分离手术？
44.05,25年前来报道
1825.139,高级
811.272,异形是吧
70.115,前来考古
1262.801,我要看看
1798.956,最后一幕  是主角2欺骗了主角1 想独自飞升  最后被反杀
1367.884,那死啥，死你啊，就是种说法
1262.638,脑仁(
1618.787,gta5
498.69,丸辣！
1102.445,榨汁机
807.959,看到没有，这就是你
773.759,换主角了，肯定换了看到后面就知道了
703.179,这其实算是钥匙吧
674.159,对第一个主角差不多也要死了
144.591,吉格尔风格也就是异形一类的风格
1264.43,鬼头
403.019,华容道
1632.711,真可爱，超了。
1807.589,完美
982.427,没错，我就是这样通关的高手
1282.081,我还以为我眼瞎了
516.452,哥们儿———
1411.938,跳进染缸24：36
1292.195,当嘴里开出花
1260.706,孬人（即答）
1106.823,凌晨两点半，牛不牛
287.112,有人吗？今年大年初一
738.913,这是这所工厂诞生出来的最后一个生命时间已经过去很久了
644.638,他的那个手扭曲的，所以给他卡着了，但是你在那里等待一段比较长的时间，他是可以自己把手扯出来的
521.171,这玩意儿把脑袋揪下来了
57.585,玩不了orz
1017.286,我想到了灵笼
1018.24,我想到了灵笼
1747.157,链接都断开了，切换不了
151.671,太空堡垒
897.425,这俩其实是一个人（
529.808,哈哈哈哈哈
221.887,别逗了 生化危机解密你都能迷路找不到解密的地方 劝你直接换个类型的游戏游玩
221.887,别逗了 生化危机解密你都能迷路找不到解密的地方 劝你直接换个类型的游戏游玩
221.887,别逗了 生化危机解密你都能迷路找不到解密的地方 劝你直接换个类型的游戏游玩
1713.213,天灵盖都没了
878.696,？
1814.487,要是不取下他会不会触发好结局
526.173,还给你留了一首
1309.064,电池接上了血肉机器，机器重新运作后弹出接口，有逻辑的
1407.948,寄生兽是一号主角。
286.346,有人吗？
894.534,宿傩是这样的
1724.191,你的小可爱突然出现
615.396,长得像巫师三里的水鬼
1124.801,蔑视，蔑视，对生命的蔑视
1742.677,我会缠着你，永远永远
1100.822,这些东西都来自她的血肉
1085.548,她爱着这个文明
1077.845,女王
59.818,直接一边吃饭一边看
711.708,不要射，不要射啊！
697.535,杰洛特：我觉得有道理
16.02,全网最接近作者的解说了
1686.959,修仙
106.331,太压抑了
463.592,托 丽 娜
528.153,两个方式，一个方式留了一手，另外一个方式也只不过让他等死而已
1113.628,怎么哪里都有仓鼠啊（怒）
732.917,重开了
444.604,你们好哇
892.059,赞美四臂神皇
1257.184,脑仁
1810.279,那个壁画上的飞天章鱼就是
1806.46,另外一个就是被寄生成为灵体永久飞升
1805.18,一个是机械飞升，也就是这个结局
1803.943,它是有两个飞升机构
1801.511,蔑视生命
1795.091,这个视角，赤裸裸的蔑视啊
1303.676,很奇怪吧，脉门怎么就自己打开了
603.39,我是为了全成就才去“拿一手”的，第一次玩就是孵化出来他，开了门之后我还不舍得丢下他一个人走
693.054,射程让我流泪伤害让我胆怯。
590.227,san值：70%
513.511,san值：90%
469.736,san值：100%
1388.343,李火旺的笑死我了
332.967,不是没有三连的
14.182,。        。
1783.144,可惜个屁，那个寄生兽副面人才是最可怜的
1767.704,不是悲剧(눈_눈)，不要随便解读
1760.824,主面人和副面人本就是一体的，别可怜猪脚了，猪脚才是最恶心的
1722.664,副面人是好的，猪脚主面人都该死想自己飞升，那就融合吧变成以前的样子双生人
1702.144,猪脚没玩懂
1687.784,他一开始是怕痛的，现在告别过去苦痛的物体
556.544,双生人，主面和副面人
1539.995,6
514.205,孵化(
10.101,雙
92.455,这位是第一个主角被感染后变寄生体了
542.355,卧槽
599.165,好听话的小跟班
1492.983,头上那个是wifi接收器，无线连接意识的
679.806,完了，有武器说明有怪
90.665,没错就是咱俩在看
115.899,sin值 cos值
54.163,结局太虐
640.274,不用怕的，它自己就会出来
1717.473,[前方高能]
779.793,红色和白色，血与骨，表面与背面
606.833,往后看就知道为什么了
1725.844,等候多时，为的便是今日之胜
1757.779,他们本是一体
1085.365,因为她是母亲
1161.476,屈膝跪下？绝不！
1007.426,死亡细胞：异形与海
644.217,这个文明就是这样，不把尸体血肉看的重，类似于我们看工具那样用完就丢，说不定它们还说我们残忍呢
1180.144,这个文明有生殖崇拜
296.148,你的队友需要帮助以打开一扇门
890.601,老头环哈哈哈
642.802,你要考研啊
1430.89,ass！
345.848,推箱子
1264.697,克朗
1115.349,魔阴身
1549.38,痛太痛了
1017.803,是个男孩儿！！
615.486,星期五
462.879,是机仆！！！
83.018,什么时候讲新游戏坏死症，其他人讲的看不下去，再回顾一下蔑视
512.175,硬核孵化
499.278,《人》
209.338,适合做VR
599.87,我大抵是没救了，居然觉得还挺可爱的
1188.22,这个种族丧失了生殖快感，所以特别崇拜生殖
521.042,这叫孵化
840.923,这个时候玩家操纵的是男一，不是男二
1274.039,这是这个星球排第二的物种，类似矮人，就长这么大
1176.632,各种雕像就是你们想的那种，因为双面人这个种族是有性生殖崇拜
530.508,哈哈
491.537,这不是霍金吗
480.172,霍金
1571.377,连上蓝牙了
988.673,馄饨
53.248,当时玩的时候晕的一批
644.414,手砍下来不就行了？
1.323,有异形的感觉啦!
0.201,看剧情的空降11：00
91.298,2024年5月4日现在正在观看的其他4个人，你好
963.799,还会刚CD
948.299,拳皇是吧
932.359,白切鸡
806.859,克苏鲁
710.699,水性漆，去甲醛
817.719,好涩
149.017,orokin科技
502.785,[前方高能]
1292.407,↑和武器缠在一起的是寄生兽尾巴
41.832,不就是异形的风格
881.861,san:60%
983.862,您看那准心，您就没意识到跑打不准吗
106.819,已经有影怪咬我了
600.252,好可怜…
978.336,DOOMSLAYER
1748.26,脱离主体大脑连接，来到38线，准备离开这个地方，又被拉回去。
1049.819,我裂开了！
6.951,鱼肉苦痛，机械飞升
1254.739,想起了韩国漫画《禁曜日》
1284.72,脑仁
1172.75,这雕像是在干我想的那种事吗
590.566,JOJO立
1476.775,没补刀
1296.643,浇给
929.472,坤坤
469.459,混沌卵
1088.102,生物科技，这怪物只是个工具而已
509.311,鲜嫩多汁
1265.619,后面被压榨力（悲）
1036.042,高种人
836.327,寄生
1246.773,欲望寄生!
755.061,脱出(意味深)
1523.612,剧透一下，这里游戏会漏迪克
1083.958,这巨物其实是主角母亲或父亲，它是墙那里被移动到坑里面的
447.632,人才
1554.595,没有痛觉
549.154,吉良吉影表示很赞
291.499,吱
1514.174,要开颅了
726.143,此时已经换人了
1802.159,别灵笼了行不，灵笼美术和氛围设计比这游戏差远了
1086.124,他是你的妈产生重要血肉物质改变整个文明
534.619,小兄弟：’啊 你大可不必把我嘎了 我自己拔
19.579,我感觉还挺帅，有点像凯普
311.132,鸡的站住
295.774,吱
1641.192,太牛了设计救命
1065.363,原来是这个我天
877.886,我擦太帅了
321.363,场景做的太绝了
21.331,太帅了
1798.441,被关进小黑屋，失去意识了
1781.561,线断了？
850.139,你才是寄生体
540.637,至少给了一个痛快，另一个结局是让这个人活下来和主角一起开门然后被丢弃面对漫长且孤独的死亡
1048.595,哇，有点像无声狂啸里的那个诶
1007.345,高玩
918.755,花生
692.879,P机（确信
131.539,九转大肠
1148.052,出身啦！
1050.687,后室里的那个狗子
967.188,魂
902.043,你现在是寄生兽了吧
665.216,手砍了啊
1522.344,生孩子
124.148,叠词词，恶熏熏
1277.779,你家风灵月影能帮忙解谜啊
1546.21,掀开你的头盖骨
686.619,兽人是吧
146.344,不容易烂嘛
598.866,xxn
1151.188,广州南站
22.904,异形
479.857,欢乐谷效应
1805.39,帅哎
647.678,三联没了？
1285.953,woc
60.558,坚持访问！
1803.725,新物种诞生
1625.834,意识上传
627.034,易建联
19.914,灭世
664.409,有没有可能是一个轮回上一个小兄弟就是主角
1582.639,人类的起源？
1437.326,灵笼灵笼咋滴
1599.38,血肉飞升啦
1446.804,这是第一主角，不是模具人哦
1178.601,生殖崇拜
1029.694,蔑视世界里的高等种族
763.198,这是主角2了…
335.899,这个解谜本质上就是小时候玩的推箱子游戏
456.852,前面的这是模具人并不是主角
205.439,是异形跟克苏鲁的结合体
498.756,san90
867.875,这里的bgm是neon lights，不用感谢
411.437,合着这是华容道
186.05,手里剑
1347.759,我不是很懂，主角自己手动把手放进去的，为什么要挣扎？
602.857,好可怜
133.419,血肉科技
1287.167,好喝，草莓味的
1190.163,出来了
888.912,宿傩
865.352,如此美丽
887.861,四手霸王
1295.779,啊？你枪呢？
1248.208,太美丽了这样的构造形态
996.854,懂了，这是毁灭战土普通人版
575.167,.
1801.419,什么意思？没看懂
1491.603,，，，....
1143.008,蔑视和异形普罗米修斯的设定都来自于H·R·吉格尔
1434.349,莫名其妙怎么有点帅啊？
224.136,路痴的哭了，光找路都要好久吧
204.133,好耶，喜欢自由探索没有剧情的游戏
121.99,这咋cos，道具都难做吧
74.395,叠加中
400.66,华容道
1281.705,太抽象了
1350.774,这个叫声莫名喜感
599.47,小玩意儿长的真东西
1769.865,没有，只有一个，意思简单，自然血肉基因蔑视那些高高在上
1350.538,不是，是副面人的，主角掉血，但是没有疼痛，是副面人
1030.628,还锁死了生育能力和性别
1028.793,不是，和工程师差太多了，嘴巴没有，还有就是怀疑这种族明显是工程师用自身为蓝本创造
402.359,华容道积木拼图
1022.598,工程师
836.14,抱脸虫
938.718,我也是这么起名字的
1383.571,李火旺（
24.702,想吐
1732.233,我知道你的痛苦，我要就这样
332.685,右边这个控制台当时没看见
1545.085,看视频看得我头皮发麻，噫～
1093.715,这就是那个大东西嘴那块血淋淋的原因吗？
1192.126,空洞骑士
1264.103,脑人
1205.65,qiao读音好评，阿婆主是有文化的
712.21,粘白物质
1116.16,蛆甲？
743.837,哈哈哈生猛主角
345.895,华容道
892.282,黑虎阿福
1002.046,cf挑战模式
1744.209,哼，想逃？
1551.729,掀起你的头盖骨
1364.669,原来，这游戏流血是会死人的吗？
1573.536,墨菲特网络
1006.632,doom：像回老家一样
640.765,你猜这游戏为什么叫蔑视
142.952,血肉之墙
889.277,我就说两只手不够用吧
1442.482,咦惹
1014.902,想开了
690.152,哈哈哈哈哈
598.432,这也太吓人了
515.832,“孵化”
919.193,scp173
1231.038,这不Dalek吗？打雷也比这玩意好看多了
141.929,异形风格
94.47,李火旺模拟器
1592.577,雌堕了，好耶
1108.025,这文明真的，赶紧灭绝了对大家都好
1189.645,印度教元素？
1315.421,制作者很牛逼
515.803,挖槽
614.959,岁岁可爱捏
456.683,血肉，克苏鲁，异性，工业
678.226,好消息：有武器了，坏消息：有武器了
1358.309,特意在此准备一个如此专门的工具，被“寄生”看来是个相当正常的流程
1716.879,是贴图awa（确信）
519.408,哈哈哈哈哈
1437.868,漂亮滴很啊！
1006.228,深山老林檎恶魔（悲）
693.452,绷不住了
631.933,所以你的山联没了
134.998,虫族
1181.57,生殖崇拜
1354.683,哼哼哼，啊啊啊啊啊
1065.115,你不要过来啊！！
893.355,不至于不至于，交界地什么怪形都有
553.459,早就点了，快去快去
515.139,太惨了这兄弟
440.955,这个包里是个人呐我靠
390.275,捏碎所有发光包？
330.675,社恐包
155.262,走晚一步会不会被这门夹死
80.582,san值可以理解为你的精神血条，受太多冲击你会错乱甚至嗝屁
61.259,哥们看的东西五花八门，接受度很能扛
20.379,之前打一下午真的反胃
146.707,克系朋克
1553.001,怎么挣扎啊，胳膊捆住了
406.59,华容道
1007.056,卵巢啊……
1782.86,考研没这么玄乎。。。你要说读研搞科研还差不多
648.226,你的山联没了
109.015,也
1257.177,官方称呼：圣婴
518.968,002成就达成
866.342,道诡仙异？
12.882,晕3d了是吧
513.38,孵化
1799.671,主角还是永远留在了这里
1551.038,夏油杰
897.238,两面宿傩
609.721,可爱捏，立了
652.76,好湿，好湿。
1268.276,感觉像一个蛹
1610.337,仓鼠真是无处不在
517.311,这有两个结局
1631.081,强大脑力+强健肌体=完美身体
769.982,有没有可能没换主角
892.603,伏黑甚尔
892.603,伏黑甚尔
908.204,感觉是达成了某种联识，可能血就是为给他的
502.696,By d挖勺机是吧
277.365,挖勺机是吧？
461.224,啊头好痒，好像，，，要长脑子了
1346.873,很好 早有准备把声音关了
614.739,一个诡异的人形生物跟在后面我只觉得毛毛的
73.641,瓜子花生泡面八宝粥已经准备好
328.894,可惜 就是没有三连
613.45,你自己更丑
933.531,接的真准
127.973,]
654.099,放心吧，门关了表示小三连会被放开的
1737.471,没想到吧亲爱的 我又回来了~
1683.434,是在利用痛觉保持现有意识的清醒？
1105.27,挺可怜的
1079.099,挺可怜的
772.371,这是另一个主角吧
406.298,华容道
1561.021,石头人
1765.619,烂尾了？
1457.499,卧槽寄生了一个人
774.879,这是地狱
90.139,死后的shijie
23.459,人死后去往的痛苦世界
5.384,这个视频我看了20多遍了，算是理解明白了！
1291.966,黎明卿直呼内行
148.443,我叫它吉格艺术
1103.683,只能想是自愿的
1130.285,逆天评论
726.842,虚空
692.124,哈哈哈哈这是刀不是枪
535.091,【留了一手】
245.583,感觉很有沉浸感
1313.96,有人吗
166.081,真的晕
125.3,边吃边看无所畏惧
1027.795,造物主，哈哈哈哈
1482.712,妻子怎么是重担了？
31.08,好像两个作品的美术确实都是一个人有相似感就对了
786.625,这个游戏有很多性暗示，感觉地上的尸体都是没有结合的静子，主角要“离开自弓”
1001.899,6
344.936,华容道
982.276,一边吃麻辣烫一边看
527.393,这里还有一个选择是推到另一个机器给这个兄弟开背
1192.423,正是因为他们后期失去了繁育的能力，才会有这个崇拜，而男主背上的寄生兽就要阻止男主恢复这一切。
1099.905,这些家伙只是可笑的，寄生物罢了。
403.459,后面的解密都没这个难。
403.459,其实这里算是游戏最难的地方了。
1716.201,思维风暴
1282.195,宝宝金水
614.52,易建联
457.193,我光听就已经听得不快乐了
352.66,看到这里我会直接选择退出游戏
743.425,那个不是第一个主角第一个主角已经变成寄生虫了
645.885,好诗好诗
1055.386,你好
916.455,《烧麦》
59.197,没错造完了选择性去玩
1553.703,这是要与开花人的神经连接完成繁衍大业
770.152,其实这个是主角2号
638.397,主角进去关门之后他就会挣脱掉自己走了
643.174,你三连没了
638.609,这里如果是用手开门人走过去，这个大门是不会关的，但是
1111.562,长蛆了
327.994,单身的，一对的，两对的
1736.314,它出现的时候 直接回到本体视角
310.393,风灵月影启动！立即飞升看看外面世界（d
1048.888,萨尔纳加（确信）
634.259,三联没了
966.998,快去找风灵老祖！
533.097,《留了一手》
502.759,《孵化》
450.794,这么看这种解密还是超棒超独特的
635.843,小赵小赵
613.409,小赵小赵
1816.286,不要想得太好，整个游戏就美术值得称赞
1289.492,制作组精神还好吗？doge
1666.735,真成维克托了
229.93,那是你的操作系统，你要问我的操作系统，我要说一切皆有可能。
1297.04,一朵花，她叫水仙
1692.689,自己抱走拔网线了
588.554,小兄弟长的真别致
1091.449,所以说那个大怪是长在那飞船上面的是吗？
1705.918,脑子那条线不够长吧
1769.49,飞升失败
645.702,skr
1455.389,贴贴
1769.519,分离时会不会有方法把男一解决掉，会是另一种结局
49.779,大多数人只适合云通关
842.238,他们本就是一体的
1035.011,天诺
1712.724,原来那具身体被寄生后嘴消失了，难怪刚才被直接切割一点声没发
1780.61,为什么我后背有点痛？
1189.474,迪士尼城堡一夜游
122.625,好下饭
874.146,倾力治1型
539.326,我记得可以把这个生物完整挖出来的
1813.576,抽象
141.005,H.R.吉格尔
1399.379,真·肉中刺
1104.995,好不想打它
2.301,蔑视 谐音 灭世
1846.087,蔑视 谐音 灭世
465.619,毛…毛蛋？
157.502,虚空卡莎
19.111,好不容易通关，竟然是坏结局
1189.697,六藏菩萨（纸嫁衣后遗症）
1764.5,太难受了这个结局
1719.139,原神，启动
322.505,一种是撕裂天堂的火星包
860.265,九敏 bgm响起来有点好笑哈哈哈哈哈哈哈 大哥二哥贴贴耶
1264.435,宝宝金水
999.965,这些生命体太弱了，我觉得来个幼魔都能把这个世界屠完
555.389,不要刷其他up主哦
1349.825,♂嗯♂～～～
385.748,+
380.264,TTTYYYYY
43.644,基本上是个直播游戏 适合给人看 没法自己玩
1194.132,六臂神皇？异形！以帝皇之名赐予你死亡！
493.286,看到对装置蹭了，笑了
1554.94,真，切开你的脑袋。
112.928,schoziphrinia
1085.885,生命之母
1034.485,不是工程师，是灰白人
1120.046,森林的变异人
1778.562,哦♂耶♂
1720.69,掉线了
551.046,我就是直接成功
788.762,总是想起普罗米修斯里的外星船，可能我只知道这个
639.67,三连没了
1592.664,机械飞升了
1177.825,9人
899.907,四手霸王
1850.938,9个月了
1180.455,意识在上面
1070.252,割皮包了
1031.059,上层阶级
1261.958,可爱捏
1834.814,下期视频为啥不见了！
60.459,坚持访问
1503.809,应该会出个dic啥的
1827.151,合体了
1177.228,啊这
1018.583,看着就比主角高级
177.762,看着就疼
58.876,榨汁机？
1279.706,小崽汁儿
1085.213,可爱捏
129.977,生物科技
1330.952,都是连体人，一个想飞升，另一个想融合
1190.988,都是天生连体人，分开后，一个有智慧要飞升，另一个肉身强悍想要融合
897.103,这个人种天生连体人，一个想要摆脱，一个想要融合
1079.228,“母亲”
810.985,主角的负面人
568.553,第二小结局：新生！
495.508,第一小结局：你杀了一个……人？
1775.869,就这一个结局？
1380.187,嘶……听上去好疼
332.126,单蹦儿，？？
129.412,钙也是金属啊
61.074,光模具人就已经接受不了了
965.899,风林月影启动！
692.019,大号电动螺丝刀
865.721,EVA十三号机
765.068,没有钥匙了
348.069,没有指引，要在这试这个，还先要决定要不要在这试这个，只能说谢谢你up，我当小说看了
137.279,泰伦狂喜
860.019,给我来两只，
51.723,没事，看宣传片我就犯恶心了
484.835,这就是进来那条路，游玩还是不够仔细
1470.182,那个应该是背面？
895.457,三连回来了
999.486,还别说，这游戏真可以做成毁灭战士类型的
1660.153,这里  意识已经上传了  而身体就是这个文明一直想要得到的完美躯体
895.962,真接肢
411.98,不喜欢太磨叽的解密
613.55,抽象
517.67,《孵化》
8.43,hso
0.0,‘
103.295,边吃边吐边看
1725.317,因为“自己”靠近，意识强行换回主体
1723.872,主角是没有嘴的，所以是注射进食
1460.823,不是第一个主角，而是二号本来就共生的
1100.615,肉母。。。嗯。。。男的
141.956,动态模糊这么高？
630.536,我要男妈妈♂
624.254,不要女妈妈就要男妈妈
799.103,生物科技
124.401,普罗米修斯
1266.279,脑仁
31.0,重重的异形味
232.269,win9吗？
993.534,绝了
649.745,只能把三连留下了
83.559,吓我一跳
288.227,看着都要急死我
649.278,可怜
905.627,这是对你掏心掏肺的好！
818.947,对你掏心掏肺的好
494.185,孵化
1282.87,咋成美汁汁儿
822.354,对主角掏心掏肺的兄弟
538.803,《我们》，这也太黑暗了
767.044,可惜整个墙就主角一个人了
327.321,我在这里就把游戏卸了
229.949,看过异形全系的我没好奇心去探索了……
161.909,太催眠了
60.714,解密太无聊了，坚持不下去
145.342,生物的机械飞升
44.504,恐怖游戏，没机会了，叹气
805.831,异形
731.884,不是换主角，游戏壁画里有解释这是一个双生文明，寄生虫其实就是主角的副面人变得
460.041,没有第二个主角，第一次寄了之后被生物科技送回高墙修复了
1135.705,可是他有尾巴诶
1191.138,六臂神皇
1145.485,卫城
184.041,灭骸之刃
860.564,生物外骨骼
1554.766,主角明显有痛觉，剥离寄生软骨时撕心裂肺的痛呼
1770.937,弹幕什么鸡冻神仙
109.886,真的好喜欢蔑视的音效，我觉得助眠效果不错
146.409,和强殖装甲凯普的设定很像
615.548,。呦西 还是个日本名
474.645,san值：100％
1460.492,抱脸虫？
649.429,还不如杀了
6.483,最强解读
593.846,这样子，血源的失败作诶
1141.16,复行，数十步豁然开朗
932.529,怎么有点像scp173？
920.245,大千录准备中
807.638,[前方高能]
1306.535,异形
1008.221,确实就是隐喻高玩（升职崇拜
220.548,异形画风
144.94,其实是HR吉格尔风
101.671,据说这是作者把自己车祸休克时看到的情景做成的
1449.704,人型，改造体？
1053.216,我死了
1478.418,这都没死真命大
502.754,危      小老弟       危
690.809,撼地者
1748.32,san;0  NO
1666.588,san;10
1543.118,sun;20
1519.394,san;30
1509.004,san;20
1300.895,san;40
793.954,san;70
507.764,寄[doge］
444.962,sun；85
145.739,san；90
1261.844,魔多客是吧
126.547,这不就是普罗米修斯那个飞船
1831.667,拉卡德狂喜
557.246,傻波依
696.048,哈哈哈哈哈
688.638,我震惊了
753.218,艺术集里面有提到的血肉之墙
1135.822,主角明显是诞生在墙上的，这个母体只会生产肉状怪物
1019.361,指挥官（bushi）
764.219,这里的风格像是贝克辛斯基
342.672,这个华容道我熟练以后也要解10分钟
388.705,哈哈哈俺也一样
18.323,下饭爽游
458.459,工具人
95.259,我害怕不敢打，但是我好奇我看你的呜呜
91.245,就喜欢猎奇的
1124.899,我是超级大邪祟
1265.606,忍者神龟？
646.752,伊健山联没有了
83.779,抖音来的！
213.203,san 90/100
134.184,san 97/100
932.022,走位，走不了无所谓
204.651,这个游戏有点晕 是真的···
681.299,太tm掉SAN了，这是神马鬼才美术设计
505.999,妈耶，这游戏画面好掉san，严重怀疑美术组的精神状态！！！
1008.294,月池
1809.71,蔑视生命！
1297.577,他乐开了花
807.337,这尾巴是把枪？
1750.803,被反噬了
1634.323,然而整体意识还没有上传
1345.725,把兄弟，剥离
1195.197,主角，是这个种族最后一个有意识生物了
1068.819,这是祖先……
901.395,因为这个本身就是双生人
1388.824,也可说寄生骨一直在阻止“保护”宿主死亡
1347.857,你懂个锤天天瞎猜
221.819,当在MC遇到巨型矿洞的你
1210.345,三体人？
523.815,卧槽
378.47,这还蒙？不是还有一个包嘛 跟刚才的不一样
1174.339,没人
277.674,像是异形的场景
180.858,卧槽，袖箭
151.659,这游戏刚出第一个宣传片时，吉格尔在同年去世了。。
529.876,我徒弟呢！
1079.123,……看得有点难受，感觉就像是在欺负
639.391,砍手啊砍手啊
143.588,san值（正解！！！）
76.503,6
1187.376,觉不觉得顶上像神经元
111.955,我喜欢生物；所以现在超喜欢生物科技
1139.495,这轨道一点也不压抑，我当时只觉得不要停哈哈哈哈
783.18,人类起名能力真的强，红雾荒原，后期那个被人叫教堂。。。。
1802.921,还有没有真结局啊？
1612.88,控制两个角色 随时可以切换 想起了那个解谜的小紫小蓝
1380.281,早知道多留一手了
465.753,我以为至少有几个不同造型，原来都是这一个小倒霉蛋儿
1785.424,就差最后一步
1832.741,墓碑
1675.935,保持清醒！
509.241,这他妈叫孵化？
277.699,确实像是马桶↑
650.464,砍了手走呗
1098.862,被碾碎了
887.076,四手霸王
492.748,前方小老弟死亡高能
506.96,但我对我的san值有了一些不自信
1260.478,脑人
1172.188,两边墙上的雕像，生育崇拜
780.872,是同一个人，负伤后被拖回生育之墙改造了一下
1738.355,叫你磨磨唧唧
642.967,skr
502.219,这个装置会留一手另一边开背能出整的
1747.879,、
618.414,一键三连是吧
741.318,这是第二个主角，这里是生命之墙，主要诞生生命的地方
165.628,这是生物科技
72.594,下饭是吧？我上课ing
456.018,官方写的支持全球语言，因为根本一个字都没有
1511.847,高能预警！
1214.044,这不就是脚手架吗
293.279,22点09
1542.938,脑仁嗡嗡响
1446.589,一大只虫，已经很恶心了，居然还长着人头
688.878,前面的筋膜枪别走。哈哈哈哈。
1761.063,啊这
890.383,牛杯
520.093,离谱
885.116,鸡贼是吧
1247.803,啊啊啊！我滴个妈哟，san掉光了
1116.839,san值快掉光了
618.896,但是一建山联被留下了，所以……
1396.775,肉中刺（物理）
618.379,哈哈哈哈哈哈哈
61.288,家人们，西瓜皮免费了
1762.065,族群想血肉飞升，最后被工具人寄生兽噶了。
437.099,模具人
151.399,不就是生物科技嘛
60.583,别打玛
266.856,已经头痛了
496.819,其实寄了也好，不然永远待在原地也是折磨，看到这个会莫名心疼难受
100.197,一个直面高塔，一个直面深渊
861.067,嘶
149.571,莫闻天：这我熟（确信
6.742,血肉渡（确信）
1112.211,怎么感觉有点帅
1717.72,没门
1301.88,文体两开花
1285.8,两个核桃
647.285,哎，可怜可惜，你三连就这么没了
1300.947,脑花
872.293,6
11.497,小时候看了这集，冲的全村发洪水
621.618,你别说，这仔看久了还挺可爱（）
76.259,看着有种亲切感，不知道为什么
683.435,拼多多出品
1205.426,好大的林檎
1254.364,所以为什么要给他放进去
702.601,炮机
754.403,血肉之墙
1558.078,机械飞升
693.107,谢谢你，我真的被笑到了
735.487,第七章的万魔神殿
1009.019,库瓦
1456.28,一跺牙一咬脚
633.356,下次也不一定
1727.024,帮你拿扭扭捏捏扭扭捏捏你把那呐呐呐呐呐呐你你你你你你你你你你你你你扭扭捏捏你呢
1405.859,分体
570.719,当初看这游戏以为只有一种方法，原来有两种
874.539,相当于智脑？
1485.025,哈哈哈哈哈哈哈哈哈哈哈哈哈哈或
1220.265,法爷
22.517,.
444.738,模具人
614.923,摔倒还挺可爱的
80.91,迟到了！赶紧冲
1775.747,不是已经切换了身体？
1277.016,然后把它榨成汁儿
83.173,给自己加点san值
1540.242,突然幻痛了
55.959,一点都不口啊！好下饭啊！呕呕呕呕………
508.191,而不是什么孵化室
507.507,估计这个地方就是专门用来废弃的地方
3.709,本人爱触手，血肉也将就
689.27,与其说是武器，不如说是钥匙
523.801,《留一手》
1057.399,血肉之母，剧透狗头保命
1003.889,雀氏是烧麦，烧麦的料都会溢出来
609.394,好可爱的男妈妈♂
1598.388,我也看睡觉了....
528.913,小兄弟？好吧我想歪了
268.172,看过四遍，习惯了，真在吃饭awa
62.58,我已经看四遍了，一点都没觉得恶心
72.439,我看到血要昏过去的（悲
650.432,问题不大，门关上那个锁手的锁就会打开，小兄弟这时候在外面已经自由了
1850.426,拜拜，各位，下一期见
1117.011,周树人
1135.833,不对呀 你是两个
374.385,这是生物能源核心吧就几个能用的
636.859,没事儿在字由视角，
1800.079,游戏作者：若干塞尔维亚有志青年
995.065,今天中午吃饺子，吃不下去了
441.235,下饭
108.579,san值狂降
1263.219,这个文明其实就是各种工具人？
1780.134,看这个类人的样子，就是蔑视
1816.094,好想灵笼
211.864,天诺杂碎们
1806.44,怅然若失，又无所谓
650.444,你三连没了（陈述事实）
1394.533,---------
1339.938,-+
732.204,虚空
736.206,虚空
732.204,虚空
1264.251,可爱捏
531.952,give me five是吧
142.354,血肉飞升
891.262,机械飞升也能满足你的愿望
799.614,共生体分离的两部分
825.019,致命蛋
234.048,¿
1274.172,石莱葛
1383.785,6
235.942,要么去查攻略
1637.032,性感的屁屁
1262.313,好可爱呀，好可爱呀
1068.904,好可爱，好想养一只
1460.902,灵笼马克表示很赞
1815.579,30分钟，我居然看完了
116.659,可爱的嘞
1651.824,san值掉光勒
1025.786,还特么挺健美
726.518,我超，卡莎！
1482.537,开了大眼
598.867,半身不遂
1310.764,天线宝宝时间
931.001,厉不厉害你坤哥
123.877,《利维坦》
111.739,这游戏里的主角身体强度明显强于现实的人类，毕竟是摔下去，普通人早就过挂了
1779.639,无法理解
765.107,起源之墙:
333.419,主角从这些包里面出来的吗？
1063.985,我尼玛，你不要过来啊
699.87,刺刀
524.977,我徒弟呢
1.736,像我小时候每次发烧都会做的梦
414.346,华容道很简单，但是这个太阴间了
1099.654,hhb j b  bh q  book book but  bhi   book 前方高能预警请收下我的膝盖
1101.445,hhbhb baby book  n baby :but but b b b Bq nbb  bbbqnbb bhboot 前方高能预警
1100.805,hhbhb happy b hi hbhb    book 前方高能预警
1656.136,12-11
1637.704,11-12
1422.536,13-11
1305.285,14---13
1066.138,13-14
980.722,12-13
649.714,11-12
152.123,12-11
136.934,12
2.192,14
1224.728,你们不感觉这个机甲是主角那个种族改造而来的吗
453.286,他也挺可爱的，至少在这末日里面有一个伙伴
1201.764,疯狂掉san值
1639.696,《临时工》
611.75,生意兴（生异型）是吧………
614.777,但凡我能掏武器已经清空弹夹了
1380.357,阵亡次数可想而知
646.143,明示下次一定
29.165,现在那么晚了，居然还有那么，20多个人
1122.557,君麻吕？
1226.157,榨汁
1191.376,六葬菩萨那个，小心被黎姐吞了【doge】
1743.181,又是你
849.39,h……hso（小声）
767.454,魅魔
646.825,整挺押韵啊
1813.529,毫无玩的欲望
499.951,挖生蚝呢
1089.34,按设定集，这是种族的孕妇
1715.134,上传了就断了
1702.1,这应该是和主角一样的人来到这一关 但是某种原因失败了
1468.734,记住这个寄生兽
1124.393,这风景画风真不错
577.705,小兄弟得救了
992.453,古老者文明是吧
1007.98,6
1053.435,这个没啥危害的
733.712,这是男二号
233.779,动态模糊没关
414.068,E生之敌
1324.949,36666666+
1179.173,雕像玩的挺花
939.911,勇敢牛牛，不怕困难
935.983,口水只因
698.246,哈哈哈，笑了
530.145,你小兄弟没了
1388.435,人流
106.462,我哇酷哇酷值贼高
1299.555,克苏鲁表示很赞
1187.317,40.
50.579,第一没钱，第二实在不想玩这种游戏
946.686,《Charger》
16.216,目前为止up主是诸多推理里，最完整最符合逻辑的
115.492,异形的那种生物机器味太浓了
1678.013,我看他们有人说是在切除寄生者
1156.603,欢迎来到拉莱耶
1119.227,莫名感觉好帅
244.094,思维：翻开攻略 路线：攻略地图
146.043,有没有欲望母树。。。。
105.04,san值？我觉得应该没有一回家看到六本五三掉san值掉的多
894.614,《真·贴贴》
959.755,原来不鼓励 我把路上所有的怪物都杀了
182.749,为了艾尔
735.948,乳白色不明物体
162.603,湿答答，粘露露～
864.191,岁岁和火子哥
398.459,一模一样
1263.622,都好可爱啊
1673.751,这里主角本就没有嘴巴
35.019,色孽工厂
1542.935,？剃个彻底的头
789.394,硬是没发展出铁器时代是吧？
650.064,你指定有点副业
25.576,根本不敢下
7.74,这不给个三连
534.282,吉良吉影点了个赞
1287.611,口渴了
1203.899,中西结合了好家伙
906.478,没天津饭手多
681.929,不能用液体润滑一下拔吗
1392.426,这里游戏设计的好啊，突如其来的时间压迫感
1652.458,阿星放弃了思考
1066.086,压破感！
1194.737,阿修罗！（）
761.911,san值75%
1350.414,一看就好痛
1189.314,草，六臂神皇可还行
979.528,这是手柄玩的吧
896.228,圣弟压哥是吧什么双王子
690.32,就主角这没有异形移动速度的东西这还不如一草叉来的好用
509.348,一看就很痛
217.48,现在的情况是，这是哪？我是谁？我要干什么？
1639.15,有点像男主原先的寄生虫
867.871,麻了哈哈哈哈
456.791,喵的，工厂是吧，电子厂是吧
1783.239,别抱走本体就可以走出去
1476.807,】
1143.315,这里好像脊骨呀
750.17,钥匙消失了，这是个新的肉体
441.265,模具人大哥
211.092,机械易蚀，血肉永存！！！！！！！
88.478,啊老八宵夜，阿老八宵夜
1136.922,什么毁灭战士猎人制造基地
609.058,这是小脑发育不完全吧
458.589,快乐？
658.248,他真的我哭死
1486.601,掏心掏肺的好兄弟
1451.361,它在痛苦的叫啊
1354.441,寄生兽和主角都在叫
1300.381,fa
385.766,和我当时一模一样
902.518,《贴身》
1268.286,这叫圣婴 这是制作组给出的名称
1069.021,黑魂1里的大蛇
161.974,所以主角是男的还是女的？
860.854,拜托，这很酷的好吧
161.029,有点恐怖
968.345,风灵子弟
548.719,有可能，盖着放就行
1198.754,奥罗金？
525.124,留了一手
46.479,玩了一段时间玩不下去了，来看剧透了
0.971,我不管，“衪”就是年度最佳游戏
1796.898,这是……被撅了？
1594.021,换脑子了？
811.016,疫情小区闹解封之后吗
1180.264,送呢
1177.064,嗷
193.673,这个镜头好晕啊·
1699.753,火旺是什么东西呀
1575.701,这走线不太行啊
411.923,操作完发到退款时间了，于是硬着头皮录完了这期视频
660.667,up主不要一建三连
1264.827,你手上不应该有个抢吗
1337.629,开饭了 兄弟们我先去吃饭了鸡汤
1281.609,不打码行不行
890.753,这才是完整的
606.859,踹一脚
94.659,太瘦了多久没吃肉
1261.473,脑袋虫
104.828,木大木大木大木大木大木大木大木大木大木大木大木大
755.656,重生之墙
849.979,外附魂骨
515.779,你管这个叫孵化？
936.992,不可名状
924.762,不可名状
1820.033,gamku
1083.374,堕胎
462.324,Insdie里的肉球(幻视)
890.986,2头4臂
1598.043,机械飞升了属于是
1125.328,外骨骼
1079.968,大兄弟～我没有手 嘴巴都没有 我用头撞你? 你闪避一下我脑袋不就开花了？
558.786,赞了
1273.94,可爱捏
1004.713,高玩（指up
1790.333,围观的雕像：你们能不能收敛一下注点意，这可是神殿
149.665,和强殖装甲里面的感觉有点像
45.119,云通关无所畏惧
1483.571,别浪费了，举行苍蜣登阶吧
1122.442,白太岁（幻视）
1810.297,???
30.759,哇，当初看完普罗米修斯我也是这个感觉。
1729.533,我焯吓我一跳
1449.938,贴贴
19.339,下饭
27.259,画风很像普罗米修斯
81.085,疯狂掉 csc cot 值
675.282,第一把武器:筋膜枪！！！！！
630.328,山联终将离你而去
936.254,走胃，但走的不是很胃
321.739,3D华容道
690.308,筋膜枪
931.556,？173变异了？
757.402,宁搁这生异形呢
77.246,“无法认清现实的人，永远沉迷在伊邪那美里吧”
860.001,我去 这不是花洒头吗
1260.371,近视的兄弟们把眼镜拿下来
1817.038,好多香肠
1791.568,卧龙与凤雏
1790.689,在一起 在一起
1693.084,前面有艘宇宙飞船 可以去太空
1505.722,来啦老弟~这边请~
1553.792,可能没什么痛觉神经
886.643,萌萌哒
464.615,烧烤架支上 多放孜然
289.1,带个烧烤架进来 孩子都馋哭了
176.573,打在牛牛上老婆受不了
1615.243,不爱看别看，不喜欢直接退出，那有一句废话？
612.396,？
1578.717,伟大的卡拉连接着我们每一个人。
621.31,我看到他的时候确实觉得格外温馨！
1305.942,《暗藏玄只因》
1088.364,这里对我来说真的很恐怖，那么大一个东西靠得那么近，吓死我嘞
903.351,亲近
1800.35,是的蔑视
1787.449,蔑视
865.342,有趣
619.668,下次一定！
539.454,这也行？
466.921,下饭
33.257,下饭
1566.821,神圣的卡拉？
167.393,命运2有引导，但是非常非常少，并且没啥用
657.575,你的三联没了
1435.28,……阿这……貌似穿肚而过的真的是只因部位啊
917.59,我叫它小花生
743.012,正面人
362.738,华容道？
459.848,模具人:你礼貌吗？
207.849,6666
612.185,生化危机
895.571,前面的可能是主角利用寄生兽？
887.292,很帅但我不想好吧
829.645,这个是一开始的主角
782.605,我觉得不是同一个人
242.034,解密探索游戏，但是恐怖
97.191,算了吧，一些画面我看都不敢看
635.046,还不如嘎了
1729.299,贴贴！贴贴！
1705.03,不带躯体不行吗
1526.118,我也许没有SAN值
1471.614,太可爱了
854.732,真是下饭
694.111,哈哈哈哈哈哈
433.781,所以这是双面人的意思
1756.314,泰宁侠，无处不在
1016.073,表示正在吃饺子看这个视频
1766.546,悲剧，就差一点点
1480.702,我就是超级沃景王！！！
80.531,这个嘴巴，是副面人
1119.374,灭尽龙白刺了（
1573.673,笑死，适合VR玩
60.947,不知道该干嘛，直接不玩了
610.408,你走了 他啥都不会 好痛苦不如给个痛快
1280.401,榨汁
1559.078,墨菲特共享网络
1840.764,解读非常精彩
1181.335,出示健康码
24.197,分析的太好了
869.032,这该死的西海岸风格
133.811,这TM不合金弹头嘛
1446.535,这半张脸不就是一开始操控的开蛋人
513.099,ꉂ(ˊᗜˋ*p..p.pk.pl..p.l.p.
1795.79,走出去后连接线就断开了
1709.099,摩西开红海？
1789.98,好涩
1786.66,好色
1015.172,两开花
698.983,但你的唾沫没它有杀伤力啊哈哈哈哈
1432.969,强殖装甲
393.02,会不会那个那个不亮的黄是提供营养给亮的黄？
642.273,还不如让他死了呢
899.145,接肢附魔星
1412.765,大嘴是吧，摘包囊的
185.855,灭骸之刃（仓鼠狂喜）
1058.14,我逐渐理解了一切
92.966,比吾主还差的远呢
67.684,第一章过关，我就删除了
745.699,脐带自己剪的（）
1832.723,追求永生的种族注定走向消亡
1835.94,等等，他有两个躯体一个刺身体，另一个走？
525.459,两种处理手法，一种是只拿手，另一种是等着小兄弟过去帮你
1438.275,性感!
691.9,嘿嘿嘿
1440.081,好。。。好涩
72.979,打码就不看了
1266.389,施耐德发来你很懂的消息
1633.891,申公豹？？
707.663,这里我刚到第一眼就看的出来是冷却装置群
1798.779,寄生兽和他本来就是一体
928.315,你干嘛~哎呦
985.992,没魂系列游戏那么难好吧！
978.613,那战斗难度还好啊！
7.839,异端，快呼叫阿斯塔特！
692.313,嘿嘿嘿嘿嘿嘿
537.593,66666
912.852,那么可爱，就取名叫李岁吧
1300.896,一朵发
1076.612,诶哟
1553.915,用vr玩的那个是魔鬼吧
1723.603,这告诉我们，直接放脑子不搞意识传输
1441.081,Wc
889.641,行走的军火商（）
866.049,6
1720.229,连接已断开
590.778,好像佛兰肯斯坦。。
1533.585,爬楼梯咯
896.188,把自己说的这么厉害，一会儿星际战士来的时候可别急着跑啊
157.959,男主的身材真的很棒，手和脚都很好看
1254.335,脑花
1071.379,总感觉这不是游戏，是真实存在的异世界
110.719,太戳我xp了
1810.887,不清楚
1579.387,飞
1436.956,帅
1068.867,蔑视
545.958,这里那个家伙其实可以不用死的
547.726,你不挖直接把壳打碎会活着帮你开门
223.361,仓鼠的世界观也是这种科技，血肉机械飞升
558.539,还是留之手比较好，这个活着的就一直在哪里等死了，还不如给他个痛快
1770.11,啊？
552.947,吉良吉影觉得很赞
1789.285,竟然……想起了宝石之国
1612.66,一个人玩森林冰火人
700.862,伸缩电机
729.25,鬼泣5的地狱
689.225,没落要塞的科技树哈哈哈哈哈哈
1176.011,你是被唤醒的
1084.43,因为他不是怪物
1472.707,可以炒鸡蛋吗？
130.004,这游戏场景本来就是参考作者噩梦画的
645.006,所以 爱会消失 对不对
248.661,石柱这个词不对，应该用肉柱才对，。
86.661,暗黑4 什么时候开始预购啊
978.176,获得成就蔑尔登之王
177.557,真的看着蛮疼的
688.993,笑了
1420.018,蝶，你不要李岁了吗？
540.621,助你一臂之力
611.931,《伴》
1163.827,有人吗
45.545,看的人还不少
1674.659,不是，这个主面人原本就没有嘴的
312.807,啊哈，ccmt
5.908,我从抖音来的，果然完整版还得b站
977.897,其实很简单，除非群殴，三种怪都可无伤单挑
1007.859,卵巢
1636.186,我倒没觉得任何不适合奇怪，毕竟画风本来这个人很诡异
768.519,我感觉这也是不同时间线的另一个人
402.959,不怕这游戏没提示，就怕这游戏有bug，你甚至都可能不知道是个bug还搁那疯狂研究
1289.94,老八 ： 干了！ 兄弟们！！
1266.814,有点像忍者神龟里面的一个坏蛋
850.985,now we are one
792.958,普罗米修斯bgm好评
141.972,跟普罗米修斯的世界主宰号差不多嘛
880.441,这个确实帅到了
858.202,‘
1282.459,cguxun
1268.579,远视眼，俗称老花眼
1547.349,喵喵喵，这里好难受
59.653,谢谢你
978.142,这位高手可以被称之为蔑霸
711.199,我敬你是条汉子
634.835,突然感觉还挺可爱
190.856,有种在看生化危机的感觉
1286.014,橙汁
761.006,两个主角应该是同一个，这个故事里，就是说死去的生物肉身会重启在那个巢里面。
1617.47,hso
26.219,真的像利维坦地狱。
610.315,卡哇伊
1213.535,这是完美身体一种躯壳
1107.415,她是母体啊，血肉靠他合成
100.731,可爱捏
143.139,弹幕呢
1660.163,这不就第二人称游戏吗？
31.721,普罗米修斯yyds
1414.326,我们到底要干嘛？
1113.322,这种生物应该不知道会死解脱什么的，应该……只知道痛，应该会本能反抗啊
620.55,看完解说再看这个家伙，怪心疼的
206.135,有点晕
222.793,生化危机2……
63.696,没事，买了也不一定会玩
1615.947,一个切菜 另一个配菜洗盘子呗
639.036,三连没了
1174.845,你如愿了
657.107,三连没啦，没啦，你亲手弄没的
845.728,因为他们俩本身就是一体的
1135.312,《桃花源记》
326.951,就是没有三连的
85.01,好
1189.304,印度宫殿(doge
320.708,Gucci的包
1054.159,魂斗罗
1712.446,这儿哪儿是断了网线啊？看到了直接回了了原身体
870.33,帅
34.899,三刷了朋友们
1488.831,哈哈哈哈哈哈哈哈哈
1138.393,土地平旷，屋舍俨然（）
1746.708,被撅了
340.673,华容道
56.459,流程太短了，运完就不想买了
987.746,月林凤英之王
386.134,一模一样哈哈哈哈
24.772,一点没有玩懂
1827.468,..
1804.893,好色啊……
1126.742,不会死的，这俩本来就是一体的
700.1,筋膜枪
1434.498,我擦 好涩！！！！
999.334,都是改造失败的产物
784.937,就不是一个人，但他们本来是一体的
1541.448,.+++++++++++++50000000\\\\\\\\\\41
654.5,揭秘视频已经看到大门关闭后小东西没困在那
889.19,主角应该是已经被怪兽当做道具利用了，意识完全对接成怪物意识，就像前面利用小兄弟开门一样
402.379,终极华容道
558.578,害怕
600.403,有点萌怎么回事
1010.303,如果主角是doom，这些怪塞牙缝都不够
1148.315,暗影要塞
1747.282,贴贴
600.885,可爱捏
1828.923,这是白皮的想法 说你们只配被殖民逃不掉的
176.764,上班打卡机
1049.673,妈！（游戏确实）
175.68,主角这胳膊往上就很不人类
1436.094,hso
618.869,笑死了，赞了
1505.767,我觉得可能会吧，毕竟只是主角的那一台完美躯体毁了
1256.579,这不是忍者神龟的可克朗么。。
1054.009,我去，君王级噬极兽！
835.364,卡莎？
1788.3,去看这个作者下一个视频，你会明白一切
888.38,恐怖游戏主角直呼内行
1352.384,听起来像是寄生兽和被寄生者同时惨叫
933.03,擦，这怪还会预判
733.636,有异形那味儿
647.093,你再去弄一个小老弟啊
696.53,富婆狂喜
1068.347,这里应该是受限，没有做出boss战吧
901.497,、】】】】】】】】】】】】】】】】】】
859.624,eva三号机
131.354,泰伦生物战舰
598.499,你给我学个吴老二走道
1230.369,外卖到了，开饭了兄弟们
1510.459,掀开你的头盖骨
1419.589,不长刺就会开膛破肚
1318.183,不能操作，但还可以加血
1718.539,很影响感官好吧
966.082,风宗主，弟子申请援助
918.385,头拔下来就是烧麦了
297.419,月球密室简简单单啊
124.09,凌晨四点，另外107个小伙伴还好么
1781.847,嘛玩意啊
366.559,这个时候我应该已经点退款了
1293.865,5
1259.026,哥别马赛克了，我密集恐惧症都犯了
1107.047,可能在我们的刻板印象里这种庞然大物不是boss也应该是个精英怪，但这是一个以生物科技为主的世界。
1050.877,很好形容，但是很不好说出来（doge）
622.034,然后把山联丢了，所以不用山联
504.146,工具人：别的up都是用的电锯，为什么你要把整死，呜呜呜
78.802,上面那个，我感觉还好吧，我也感觉很好奇，如果人类真的是发展的生物科技，会不会也是这个样子，甚至比游戏里的更先进，总之是我之前没想到的一种设定感觉很新奇。如果真的是生物科技，估计这些画面也在情理之中吧。
1579.139,现在，F2A！
25.364,UP适合当调查员
1529.739,你好歹用酒精消毒一下呀，不卫生的撒
1175.499,出现个铁血战士，哥，场所码扫一下
1546.259,不能打个麻药吗
330.217,没有三连嗷
93.371,475人正在观看
1624.852,最终生还者表示很赞
854.735,手需要放在肚里里保养么
1468.551,这东西是个伏笔
129.062,对我来说这设计就是艺术
1517.712,回收伏笔
1769.36,寄生兽：不要离开我～
1024.01,抱脸虫蛋生出了工程师
1270.31,脑仁
1794.877,《蔑视》
1732.114,（贴贴！）
149.941,基因飞升
1187.691,明白了，原来是色孽信徒
611.71,但是半分钟后，他也要被困在这里
1806.296,我无法理解
650.357,这个门关上的时候，应该是小兄弟把手拿开了
116.044,、、、、、*、】‘=、
1159.657,387
652.136,这就是三联的下场！
881.0,好她妈帅
228.51,这种游戏玩一会就得燥起来，完全不会有好奇心
605.219,你别过来啊
984.827,塔尼嘘
66.152,几年前就看别人拆它包的视频了
1405.415,黑太岁
1214.29,道诡异仙
643.793,你山联没了
854.294,电信：联通？还能移动？这是看不起我，偏偏不带我？
459.554,没有，但是你自己摸索摸索就会通关的
822.083,岁岁是你吗
733.321,这是一堵墙叫“起源之墙”
1105.135,大老弟
157.603,我不知道我是谁，也不知道我在哪，但我知道我要大开杀戒
45.319,还好，还好，我晕第一人称，没玩
1124.714,沈清秋直呼内行，他也是被那种叫情诗的东西寄生过
75.227,正在吃饭
1172.673,你在干什么？你得干点儿什么！
1837.068,看了下期就知道  这个故事已经结束了  这就是结局
1797.78,up还真就看懂了，看他下一个神解读
602.334,好诡异的动作。。
1771.211,时间 过去了很久
1573.353,我就是虫群！！！
1718.814,是永生 可是你的背包让你走不动了
1578.374,意识上传了
1827.796,基夫大人（幻视）
1441.273,本来是一个人 被分离了 异格试炼生还 一个被改造保护生还者
1548.115,他没嘴啊
1480.617,背包没了
1181.019,生殖崇拜
1104.899,她是所有双面人以外的生物合成材料 是生态本身
1263.977,桃井太郎：你过来我给你加个buff
1835.457,有没有感觉这个姿势像旁边雕塑的样子
1067.604,它没牙，弄不死你
920.745,原来可以处决的吗！
866.323,所以这是个背包？
843.881,寄生兽=背包 所以接受了
643.155,所以你和三连无缘，并抛弃了三连
370.942,实心没长大，第一个发光长残了
273.236,这不是马桶吗
688.522,异形的内槽牙是吧
1518.695,剪掉了啥，细说说呗，我有一个朋友很想知道
1302.226,心里的发，我想要带你回嘎
943.067,牛不灭
1645.251,机械飞升
1069.262,主角的妈妈？
1052.642,主角的妈妈
1816.114,倒回去看人造躯体的背面还有一张脸，两具身体的意思是一人一具，但主角抛弃了寄生体，寄生体回来报仇
344.276,华容道
1197.992,打黑佛母
183.451,你还不如说是灵能战刃
64.468,如果黑魂是把剧情撕的粉碎隐藏在游戏里，那么这个游戏就是给你个开头和大概，后面内容自己想去
1782.377,如果中间没把寄生体拿下来呢
1533.936,看得我肚子疼了
1392.29,我现在看这这个就感觉喘不过气来
536.416,给生活比个六
1544.156,我曹
1337.179,我去找你
1281.3,榨汁机
1817.861,还好我是看了下一期剧情解读，再看这一集的
1799.39,说上一个知觉的自己认真看看，另一张脸脑壳是不是被切的平平的
865.897,哈哈哈哈哈
17.959,身体被掏空
932.875,走胃~走胃~
693.417,哈哈哈哈哈哈
236.536,要么，就删游戏咯！还能怎样？
731.63,换主角了，另一个自己
715.795,san check plz
647.591,sker
256.668,有的人就喜欢解密，萝卜白菜
179.733,魂系大多数有引导，只是剧情你得摸索
548.638,小兄弟没了
131.843,弹幕护体
1730.815,有点像某个电影里的地狱入口
690.468,啊？
92.777,看完新视频又跑来二刷，别样的感受
1541.732,需以利斧砍开头颅
259.502,都是星际玩家是罢（喜
378.323,跟我一模一样，打的我头痛
1283.987,我爱喝水果榨汁儿，我爱喝水果榨汁儿，我可以随意混搭，再加上水果寿司儿
1804.671,一切都是人类的创作，还有自然的繁衍进化以及环境的破坏
1798.831,游戏整体目前所在的地方就是地球这里跟外星生物和科技没有关系
736.3,我实在配不了晚餐了  告辞
1567.113,没有完全上传成功
1123.831,这个其实是承受痛苦，是达到信仰的过程
22.676,虚脱
926.531,他估计是没做好材料的准备吧。毕竟作者的意图好像不是这样
764.071,只能说你给这个游戏带来了一些误解
688.481,这其实根本就不是个武器，是个操作器
83.979,游戏两个主角，不存在神，只有坏结局
862.975,我超！四手霸王！
1686.082,一直扎可能是想保持一个刺激
1285.731,普鲁修卡流了一地
118.068,普罗米修斯
173.829,视角太小，镜头移动又快，很容易晕的
1240.886,宝宝金水
7.227,生物飞升，生物压迫！
289.318,虫群才是最好的科技
1242.55,泯灭者病毒是吧
1444.738,可爱捏ww
1259.918,下饭香
952.078,哈哈哈哈xslw
524.178,厚李蟹
170.298,这是啥呀
84.618,嚯嚯嚯
1464.65,我光是看都已经脚趾头麻了
698.683,速度快一点的话……有句话我不知当不当讲
1851.143,明年见
162.191,生化bgm？
558.721,看这个的时候在吃东西，哇，真下饭
441.082,接肢者
1779.651,这也太绝望了
1731.011,啊啊啊啊啊啊啊吓我一跳
1639.691,噫
1432.912,还挺帅
1428.553,卧槽
1358.553,卧槽，好痛
1282.713,噫
861.933,哈哈哈哈哈哈哈哈哈哈哈哈哈哈哈哈
729.782,噫……
514.102,卧槽
1723.958,啥都没有
1824.399,比起游戏感觉更像是艺术品主要是展现游戏里的美学风格重点并不是游玩玩家玩的开不开心
1260.089,好可爱
1139.347,这里也有磁场癫佬（喜）
1144.292,桃源寄
763.296,边吃边喝边看，下饭
686.857,？
707.459,哈哈聊胜于无嘛
637.308,砍手也许就能救？
1710.967,脑袋里抽出的管子还真长..
58.942,你的boss战呢
606.079,？
695.187,笑了
490.169,最搞的就是强制你盯着他的脸半天
1419.22,下饭
694.823,一米枪
169.401,pip-boy
882.679,到后面就不觉得帅了兄弟
607.158,up主是不是变态啊我靠
108.518,这游戏怎么这么阴间啊卧槽
1768.037,进度条危
1287.584,有点像，石榴榨的汁
42.962,究极无聊的游戏
117.986,san值狂掉
605.135,《异世界：我的异形孩子》
722.499,被水淹没，不知所措
1221.718,葛瑞克天堂
470.267,半破壳的米凯拉？？
1791.063,这...........
865.427,什么大黑佛母
1781.134,啊这。真相是什么
1454.265,他还活着啊
1176.394,绝对的蔑视
177.718,看吧，刺客信条里就是戴反了
485.179,这个不明意义的人体流水线把我搞嘛了
1483.294,这还能行动？
10.179,可能是我没亲身体验 但是我觉得还好
1505.958,是折磨（指正）
604.139,我人傻了
90.419,可惜是第一人称。要不我就亲自去玩一下了，第一人称玩着头晕
644.713,你三连没了
644.799,skr
458.919,对的，就是这种感觉
84.638,吓死我了，臭星
1116.036,呱 是黑暗修罗道呀
1607.013,这游戏我是玩不下去
71.689,魂斗罗的3D第一人称版
124.173,把动态模糊关了好一点
1120.947,真的就黑太岁啊
857.112,什么李火旺
623.616,李岁是吧
1008.382,心脏
68.552,XGP免费
504.378,是的，打上抓孔
62.299,真的超级好，真的建议自己玩一下，这种游戏真是玩一个少一个
646.649,好湿好湿
144.058,诺亚空间？
194.634,0.0.
1263.713,老人
448.485,啊对对对（）
1813.47,一想到游戏作者的目的可能就是这个，我就偏不这样想（doge）
1007.021,《植物》
610.979,我：你不要过来啊！！！
1445.686,这是已经变异的第一位主角
931.965,小只因怪
916.003,掏心掏肺的好兄弟
733.075,这是第二个主角
1191.44,六臂帝皇
1801.431,主不在乎
204.079,1
1409.788,这显然不是专门用来拔小伙伴的..这看着像异性里用来抓出异形的装置
840.22,主角2的工作应该是和1一样重启工厂，但为什么他后来会参与繁殖？以他的阶级是不可能有资格的
693.95,累了，只能动两下
505.727,寄
1255.18,san值狂掉
1066.388,是“他”啦，制作组叫他big boy
73.339,黑暗之蛊
1124.11,很下饭
144.156,很下飯
1848.11,等着你，就算一辈子我也等
1113.31,树人
1792.501,这个结局也太离谱了点
995.767,感觉有点像是生物科技实验基地，然后实验暴走
77.337,卧槽，SAN值狂掉啊这画面
1794.11,蔑视
1543.966,掀起你的蓋頭來
1064.571,没人觉得像生化6里克里斯线的生化兵器吗
1002.667,林檎(悲)
1262.339,您这码并不能放近视眼dog
61.049,我正在边吃边看
773.092,其实是换人了
1721.597,嗨嗨嗨！我又来了哦！
1573.715,恭喜你怀孕了
11.364,我在吃饭，谢谢你，我现在一点都不饿了
511.272,“信心”
1020.324,这个应该是高位者，旁边的钥匙卡和血包应该是他的东西
1756.86,帮忙阿
791.494,挑挑剔剔体贴】
938.338,对胃了
599.785,弹幕呢
1773.239,好绝望的感觉特别是这背景音乐出来的时候
1757.119,有没有另一种结局啊
1741.979,如果这都不算爱
1731.259,你的小可愛回來了
1703.139,我赞成
1678.319,主角本来就没有嘴啦！
1491.759,醒来一看，寄生兽又趁机趴在了背上。。。
887.932,接肢
143.261,这个点35个效小老板还不睡
919.155,SCP 173
1243.382,居然没说榨汁的事
170.856,动态模糊真的遭不住
92.139,啊~老八宵夜
1161.467,这就2/3了？
146.139,129个小老板说话！
1791.927,龟龟真的血腥
1008.103,神他喵皮大肉多
1595.918,喜得贵子
640.248,他在这里活生生被饿死还不如直接把正面给挖了算了
1804.664,↑每个人都有不同的理解，不能说别人理解的就毫无意义
1718.222,这里变白是因为神经线断开了
1679.225,怀中的自己还是清醒的，操控者两局人偶
1641.293,可能为了防止被寄生
1523.577,←那不是榨○，而是失禁
1358.931,这不是主角的声音，是寄生兽的声音
1267.708,我感觉这个是婴儿
1042.867,本游戏最难的区域
608.133,我当时也是这样想的
478.066,这个操作是打上了抓孔，可以抓取了
409.456,对解密游戏爱好者来说，解谜不难，战斗巨难
159.379,暂停会告诉你按键，此外没有引导
1555.666,这种情况登阶都行了
1130.204,岁岁
919.414,什么逆天李火旺
651.357,可爱的岁岁
628.104,什么逆天李岁
200.973,狐尾素材
607.515,这真的很惊悚，我更倾向于它有什么目的……
1286.43,我对制作组的精神状态表示担忧啊
413.341,华容道真的暴露年龄了哈哈哈哈哈哈
1775.336,第二遍看这个结尾，不知为何想狠砸一下桌子，不是因为只差最后一步被寄生
1758.794,制作人也没想好后面放什么
1137.565,怎么哪都有刷桃花源记的
981.538,确实 这武器设计就很违和，明明那么高科技
435.207,弹药包
139.637,我叫它科技与狠活儿
1455.96,脊骨？
770.194,骷颅竟是看得最顺眼的东西
1124.939,强殖装甲
623.472,易建联
1012.797,吸灵魔《确信》
1754.194,无比虔诚的信徒，就连自己最后的终点都想要亲眼见证，可惜就差一步....
1729.383,小飞棍来浓！
1025.17,高级人种
805.351,第一个主角
777.298,这个是通风管
687.954,炮机
641.554,你山联没了
734.587,有说是双主角
1569.195,上网冲浪你是要笑死我
1019.653,蛋蛋
635.653,进度条危
1805.756,我看不懂，但我大为震撼
736.474,这里是第二个主角了
545.179,到另一个操作室用圆锯可以直接救小兄弟下来
67.819,就像是克苏鲁神话
1805.815,感受就是人心可以扭曲到何种程度
630.979,双人成形
1686.906,正上方是 Yin道口
182.47,前面说有武器的兄弟打脸了吧
177.633,好消息：有武器了！    坏消息：有武器了。。。
1577.747,這就是大數據啊老鐵們
1298.754,龙背上的骑兵
1447.194,还有人记得大明湖畔的易健山联吗
667.114,完美解释什么叫蔑视
757.885,主角2
256.194,冥想盆
826.108,尾巴上是之前那把枪
69.01,直接吃着饭看
467.545,伏地魔么这不是
882.23,共生关系？
766.947,可能死的是你，你是你哥哥
651.488,渣男
214.0,别用手柄玩，用键鼠
79.0,早年边看变蝇人边吃饭，这点程度真算不上什么
1305.215,FA♂
1324.254,。m。
688.369,笑死
1462.841,另一个主角无
1277.5,风灵月影你也得解密啊，还畅通无阻
1067.331,但他没有攻击结构
112.155,吃着麻辣香锅的我很满意
1537.622,这是噶腰子吗
335.564,流量包
1028.625,灵笼
933.753,小花生和小烤鸡
1831.309,启发个嘚儿。大争之世，强则强，弱则完
613.787,但凡有把武器都呼他脸上了
114.43,6刷！！
1001.001,《毁灭战士：瞅你咋地》
1799.501,配乐可以的
693.659,凸凸^0^
5.379,爷关更！
1260.993,脑公
516.132,留了一手
967.526,同时只面对一个怪物，老黑魂了
1117.567,火子哥
1311.635,原来你是小黑子
1008.87,玛雅之花
472.79,怪形
143.41,火卫二
1546.236,你都被固定了
1297.275,那是脑门
1216.933,殁世机甲！
1113.016,Nidus！
965.984,我杀光了
917.046,花生！
844.804,本身就是同一个人，只不过第一个躯体在死亡前没有上传意识
788.843,transform don‘t holding
1707.017,所以无嘴人只是个工具
669.624,密室逃脱
1256.467,恶心警告 恶心警告 ！
9.66,20号了更新了加一下我(●—●)
1829.697,关注了，就为了等你下一部解说
129.486,湿件
413.203,这里可以写个代码遍历所有可能找出结果，或建模成数学问题用线性规划或离散数学来求解？
617.358,我恨不得这个磨成灰，当场撒了
937.566,劳塔罗？
1361.217,剥线钳
1052.897,世界之蛇？
37.703,有点恶心心
1505.163,然而都不是
528.793,那是我徒弟
1850.289,法环3呢？
1090.994,母体？
1793.891,这个石像就像是一个神明 在默默的看着这幕 也算是一种蔑视
1779.132,蔑视生命的群体当然不能得到好结局，这很正常啊，怎么莫名其妙了
1359.581,说明过去的人已经在和寄生生物共生了
1263.635,打码的原因 其实是因为这个婴儿长着成年人大小的捷宝
1772.931,没头没脑
1283.558,这一路还真不是打打杀杀，大部分时间会花在认路赶路和解密上
1135.544,李火旺：有一种家人的温馨
1095.199,都挤碎了
1033.438,工程师
1229.275,忍者神龟的外星人
370.332,华容道，差评
726.436,“你将是我最伟大的作品，凯瑞甘”
613.819,好像格里菲斯啊
150.045,我都感觉自己扮演的不是人类
155.244,不是SOX值
1769.936,如果这都不算爱
76.904,玩了一会儿太晕删了  过来云剧情
164.598,饥荒 表示熟悉的操作
1571.251,神圣的卡拉连接着我们
1314.918,王德发
1443.411,它的排骨居然能动
1001.811,不过都活过来了 那弹药血包也就够了…
937.043,哈哈哈
690.259,气压突突
500.392,直接嘎了
86.077,第一次见到附魔星这样描述一款游戏…
9.449,呃 总算更新了
884.074,多人联鸡
760.189,我去，好诡异的风格
709.701,筋膜枪
1755.81,这里不能转换思维吗
1448.463,这个星球可能就是被这种能把人变异成寄生兽的病毒毁了
1567.414,恭喜你连上了5 G
1435.337,啊啊好色
1824.493,艺术
285.838,400多个人陪我一起看，根本不怕
61.743,没事，我就看看
137.459,克总风格也不错
112.019,关线暗，我以调高
1714.91,我分不清啊我分不清啊
682.786,I佬的枪啊，全是病毒伤害吧
599.132,长痛不如短痛，后来才发现这是更悲哀的选择
1841.331,蔑视的是玩家，作者瞎做玩家瞎猜
314.205,解说和梳理得真好，看游戏实况相当于亲自体验了一把，晕乎乎的，然后再来看这个，故事就清晰很多了
1491.184,能不ky吗？
257.846,可以出轨吗？
1435.113,这游戏企划比灵笼早多了，这也能ky？
420.213,天天都是遇到难的事情就退缩，自己的能力不会弱化才怪了
516.345,你这个孵化不太对啊。。。。，
1411.773,为什么会有一个专门的机器去除寄生兽，这，估计没这么简单
1356.804,这是寄生兽的叫声
919.245,这个是斩杀动作，快打死了才会触发
742.746,左手的钥匙也没了
1259.582,这码还不如不打，鸡皮疙瘩起了一身
897.167,性感疯了
1240.638,圣婴
150.525,生物科技更贴切一些
906.686,《也行吧》
214.358,不是飞船，是个废弃得工厂
425.332,[前方高能]
1085.222,因为有女性特征
411.917,其实这个游戏真正玩起来都化还是蛮简单的 各种解密也都有迹可循
651.693,流浪者之歌哈哈哈
1105.801,好下饭
820.15,生异形嘛，哥俩
1439.523,别说，有点创意
693.752,这玩意儿，嗯...好吧
62.96,我san值超高的好吧
526.347,留一手
1098.518,死了就死了，无所谓，重要的是你上来了
1266.293,索诺伊/萨/妮：啥？
1203.745,“母体”
1016.545,这是“神明”种族，有第三只眼
899.479,你是笨蛋
759.825,这是起源墙
705.705,设定集里这里叫做寄生舱
1683.675,看到这个大门，仅剩的SAN值也清零了
1537.041,这是把额头切开了
1463.546,都是躯壳！都是躯壳！！
1311.543,很难想象制作者当时的心理状态
187.589,仓鼠无处不在
1022.259,好家伙，工程师
812.707,尾巴缠着那把枪 手上有操作钥匙
534.867,有一个机器是反着的 可以把人留下来
342.721,华龙道
863.176,我是DJ喜羊羊（
938.414,好咧
657.583,附老师文案nb。笑死
897.98,苏菲贴身超薄防侧漏
1529.063,我刚开始以为这玩意儿能抢救他，缝伤口什么的
1316.432,到最后也看不懂
29.331,同感第一次看到时普罗米修斯即视感
20.286,阿星技术是练出来了吗？？这么快通关
726.86,虚空已经出现
326.609,古季核桃？
124.259,懂了，是火卫二
40.587,先赞后看
1828.657,老贼行为
187.18,这应该是个精神连接器一样的
850.24,生化铁驭
1732.889,嗨嗨嗨，我又来了昂
971.288,等一手风灵月影
678.36,筋膜枪
643.689,小兄弟的作用跟留一手没区别，这就只把他当它了啊
224.19,大地图，但是该走的路也挺明确的那种类型？
920.209,烧麦
352.327,华容道233
1191.264,葬老六
764.796,黑客蔑视帝国
1766.117,小飞棍来咯
5.219,你是谁！！！
622.692,233
1546.116,我的额头一直在痛，，
867.507,哈哈哈哈哈
1276.947,大妈没意思
681.348,推推棒
888.717,像是星际2寄生兵营出来的士兵
1702.179,还在戳啊
37.441,i佬科技了属于是
1477.925,人麻了感觉
136.064,星际争霸
522.558,防反了，要壳朝上才能活
844.739,什么卡莎？
1066.629,哦啊————
133.782,螺壳舰x
217.041,我路找的人傻了
891.859,地狱恶魔
1557.449,主角没有嘴，惨叫不是主角发出的...
1436.129,这游戏测试版比灵笼早，别ky了行吗，打自己脸
1436.665,有点酷炫啊，生物外骨骼
52.471,想玩没钱的西瓜皮（xgp）了解一下，B站一搜就有，微软np
1747.238,“神明”蔑视生命，理应灭亡。这融合体就是赤裸裸的嘲笑！
606.674,畸变体，科斯孤儿
1780.512,病毒入侵成功啦，这地方完蛋了
592.462,jaker？
1610.497,这叫生物WIFI，有频率的
892.843,efls!
693.617,异形的舌头
693.617,异形的石头
68.033,没事，我就不信喜欢克系的我接受不了
927.009,像无花果才对
849.512,联通打钱
600.431,何必剥夺一个生物生存的本性
557.219,[OHH]
554.299,[OHH]
643.227,怎么都得留一手
554.299,我会给你一个银币
1611.178,仓鼠传世
1711.981,空间裂隙
1641.59,这个是真人改造的，专用人。
1344.384,太下饭了，我边吃边看
752.254,这个主角已经不是刚才那个了
516.155,生挖
1544.391,这尼玛
54.94,没事儿，没打算买
1370.032,尼玛这游戏太掉san了
651.091,三连没喽
1438.38,龙脊套?
1818.884,烂尾
605.396,暖意………
888.014,四手霸王
1392.409,剪之前把能走的地方都走一遍，看好路，剪了直接跑，时间够的
554.014,给了
404.694,@何猷君
1570.225,万物终亡教，神经网络
672.801,1
1613.439,这个文明全体把自己上传网络了是吧
1792.899,这就是生物进化的真相，残酷，没有回报，为活着而活着
699.068,异形内巢牙
1129.792,岁岁可爱捏
793.668,有没有可能这不是主角？只是另一个从这里活下来的人
421.853,华容道
18.599,克苏鲁！看啥都朋克啊？？
1295.527,alyx里的治疗药剂也是榨汁出来的
659.546,会不会你们两个钥匙口换一下  就好了
22.035,冲多了
122.089,我晕3D这游戏玩不了
200.26,仓鼠赛高！
633.891,没办法三联没了
858.91,移动那个墙中枪也有人吹?石乐志吧
1736.894,俺老八宵夜
1070.079,够不到？
1206.291,要大结局了
1353.677,去皮是吧
1064.851,确实像blame的safety guard
1786.05,如果不切寄生兽呢
725.118,换了第二个主角
659.04,你三连没了
682.956,感觉这种生命方式太低效了
884.219,我肚子疼了啊啊啊
692.946,冲击锤
1350.974,非常好，终于听到主角的声音了！
1124.238,有可能主角是那个巨物生产的，它不忍心伤害主角？
108.639,心理恐惧还是不太一样的
67.639,异形
116.296,有中文吗
84.133,没事精神科已经挂号了
1114.459,西方指物件时喜欢用“她”，比如船、建筑、枪支
1561.9,个人意识上传至集体意识？
1523.26,献祭？
763.909,这是第二个主角了
1840.96,火之将息，而无火的灰烬讲接踵而至
889.31,毒液
95.439,生殖崇拜
1381.845,大千录
1107.905,Nidus prime
933.389,接的好啊
804.809,异形
734.152,异形蛋（幻视）
1363.537,美甲师
1291.697,猪肉干
518.211,折磨小孩
438.131,卧槽终于有同伴了
87.811,挺可爱的
133.012,我要吐了 这么一看游戏做的不错
196.67,飞船还行 地狱
386.433,难顶，还以为是恐怖生存游戏，结果是解密游戏
1840.487,更新踢我
1191.273,这和克苏鲁有啥关系，这是异形风格
897.074,硬核亲密贴身
108.799,老贼的游戏虽然黑暗，但是很唯美啊，这个纯克鲁苏啊
71.179,啊，异形学家又有用武之地了
960.667,我们风灵月影宗不怕这个
172.645,我不晕3D，但是晕第一人称，，，
59.759,打玛你是看不起谁？
100.93,我pin值不够，不敢玩
520.741,san值狂掉
1254.155,可爱捏
53.933,你说的游戏我每个都想玩 然后后面都没时间玩
180.964,刺客信条：蔑视(dog)
50.274,美术拉满 游戏性因艺术性而拉了胯
1067.55,我感觉像一个和蔼的老爷爷
55.882,看完我就忘差不多了
30.284,这游戏我到了象拔蚌广场尤其感觉有普罗米修斯内味
1686.339,保持脑回路活性
1494.739,牵肠挂肚
1438.979,脊蛊
1261.658,像mad max里面那个小老头儿
1641.928,厚礼蟹
1821.607,回到了起点
878.36,有没有可能是主角已经被寄生兽夺舍了，现在控制的是寄生兽，是寄生兽在控制主角的身体
1576.243,神圣的卡拉链接着我们
1255.881,可可爱爱只有脑袋
133.088,泰伦和zera表示给我多来点这样的对手
515.99,剖腹产
205.774,仓鼠？仓批！
1823.655,经管你经历很多痛苦，献出自己，也换不来高人的注视，他们从一开始就在蔑视
82.959,只知道宫崎英高？
1764.184,贴贴
607.977,…..
1061.565,路格维西
897.774,想想就很帅
1026.812,工程师
1644.637,卡兹萨玛
203.215,又像植物又像动物的
156.666,虫族科技
14.146,太克苏鲁了
1754.09,如果这都不算爱
1751.715,又来？
1823.696,反正很莫名其妙
1815.768,飞升失败
1815.077,就这一个结局
1806.546,烂尾
104.297,李火旺快醒过来！！！！
1571.701,F2是吧
540.155,原来是这样解决的嘛真是太离谱了
55.564,我晕3D，看别人玩的视频都难受╯﹏╰
958.526,那是后装的装置
863.435,加满都：这我熟啊
892.774,四臂神皇（幻视）
315.047,洛斯里克（不）
1776.958,就这
1116.244,尖 锐 湿 疣
866.054,豪力
67.968,直接下饭
699.679,杰洛特点了个赞
1550.403,卧槽，把头盖骨掀开了
402.58,呃呃
305.903,仓鼠等人开门
1283.763,我想看
546.466,嘶~
25.428,这个游戏流程不长，10来个小时能通关的
895.42,戈弗雷遇见这玩意一斧头的事情怂啥啊
805.288,这个生物就是上一个主角
773.961,第一个主角叫虚无之人，第二个主角叫虔信之人
744.588,换主角了
136.819,生物科技?
222.057,已经开始头晕了…………
644.196,不清楚后续是否还会用到它，让他活着肯定比直接死了要更保险，让那个生物养那只手
1568.574,这是神圣的卡拉？
1580.533,终于通网了
62.887,好康的，是新游戏喔
1116.99,夜魔
1304.814,这是眼睛
1222.231,尿罐
1230.54,刑天？
659.373,Up住，我可不可以这么理解你三联没了？
734.864,这是第二主角
517.874,这里还有一个选项 走c通道 可以救活这兄弟 但.
1190.841,夏盖虫族
641.669,6
1278.637,克朗吗
1360.456,我觉得这不是为了清除寄生生物，而是通过这种方式去伤害刺激寄生生物使寄生的触须暂时退缩
221.478,"刚开始我也一样 这么大肯定绕吧 但玩着玩着 其实就是一个""直线"""
1383.43,人流（不是）
735.859,手变了
1180.622,开发组告诉你游戏结束哈哈哈
51.245,玩完了
316.259,可以出动画了
1308.694,感觉这个花像天线  能无线接入共享网络
1224.443,这是紫色？
1807.495,成仙成功！
617.774,给你一键三连
105.803,下饭
1442.235,要出来了，多看点
930.745,你坤哥厉害吧
308.198,这种游戏适合看别人玩
1304.963,妙嘴生花
1463.087,我的至尊骨啊
1189.691,六葬菩萨
1563.731,steam
798.74,但是这种风格即使没有消亡，又很难让人想象它繁荣时候生机勃勃的时候是啥样= =
936.582,走胃
1278.462,一路无话无非打打杀杀
845.63,这里礼记错误了，现在控制的是第二主角；之前被白色液体淹没的是第一主角变成了寄生兽。为什么我知道？突突枪在寄生兽身上呢
1196.069,葬老六(doge)
235.662,要么退款
165.462,而且这视角，完全沉浸式啊
850.685,看了这个游戏突然好想吃毛血旺
1747.355,小老弟，被我逮到了吧
780.745,这个房子外形像雷诺的那个酒馆
1740.819,噗叽啪
728.761,紫色，是虫群的颜色
1409.159,现在风灵月影还没有修改器
63.17,chifan
19.155,看完的第一个晚上就失眠了，真的好难从它的氛围里出来
608.668,可爱捏
828.975,掏心掏肺（物理）
637.242,看到了吗，这就是一键三连的下场
593.98,石膏锯那种就不会伤到人
519.424,走错了，这里是抛尸处
634.535,暗示up的三连没戏了
916.707,可可爱爱小花生
14.262,来咯
646.483,想要三连 砍我手都没用
1110.449,真的牛逼
1780.503,什么鬼
885.654,四手霸王
698.939,我称之之为：异形的舌头
1193.266,开大的禅塔雅
1261.58,大脑升级人，，，
692.662,这枪叫给你一杵子
653.062,呜呜呜 小山联 好可怜
496.574,好喜欢看这些生肉。好下饭哦
1190.491,六 臂 帝 皇
1091.948,（她）
1562.173,真就血肉飞升啊
59.0,我晕3D不打算购买
1123.691,李火旺看了都得称你为邪祟
330.426,异星华容道
519.488,白折腾
1820.992,这剧情就是没有表达
4.099,饭前狂喜
1278.108,宝宝金水
965.044,实际上是够的
1149.232,桃花源记是吧？
524.391,小兄弟：你觉得呢
1616.198,机械飞升
1268.288,脑婆
1686.781,唐卡
1285.765,外卖到了
1560.317,巴虺你快来
92.913,我的评价是：快出dlc吧！
911.019,闰置五行起手式
1010.724,尕娃
1823.317,SAN值
19.099,冲傻了
137.918,生物朋克
780.736,又像树根又像组织好真实
613.57,但是你回头想想主角自己也好看不到哪去
1573.885,卡拉
682.108,更带感的RPG 游戏…
1486.085,《轻松》
647.347,那这扇门每开一次就死一个？
1297.093,六个核桃
1282.077,榨汁
1271.849,脑仁儿
1846.406,好勒
1456.333,这个半脸就是第一个主角啊变异了
6.845,我可太喜欢了
1444.413,这个脸不就是刚刚开始的那个人吗？
220.269,有弹幕就不会害怕了
711.93,快乐枪
827.697,看这个手就知道是刚刚的主角了
806.497,这是刚刚的那个主角
767.857,换人拉，时间线不一样了
733.254,看了另外的解读，这是第二个主角
730.962,换主角了
1410.283,必须拨除吗？
56.807,吃饭时勿看（
1264.698,痞老板
1436.029,脊蛊
374.324,我就是这里被劝退了
1067.643,感觉像灵笼
1302.36,生化危机
1226.641,强欲之壶？
1002.985,哈哈哈哈哈哈
1710.363,是战甲
1193.468,是你！六葬菩萨！
13.699,感觉就是科技树点歪了的下场
1131.707,强殖装甲
1101.716,其实没死 出去的路有个悬窗可以看到她
1567.95,我在外星找wifi
718.498,这玩意应该是有魔法伤害的吧 不然太搞笑了
47.87,这个游戏感觉一年前看过试玩
529.987,思路清晰
520.787,孵化
2.78,像啊，很像啊
1097.972,好可怜
1065.518,她？
823.547,我们意念合一
79.452,肉体和机械的结合
1457.474,脊骨
69.268,留着下饭
270.568,和塞尔达中的机关有点像
1540.084,噢噢噢哦哦脑子我的脑子！！！
103.779,看上去麻麻赖赖，触感一定很好的
910.744,《我对你掏心掏肺》
1828.37,有没有办法干掉那只~
384.487,这地方我玩了半个多小时，抓另一个
1191.843,葬老六？
350.784,华容道
351.189,华容道
76.664,多少钱
538.119,真·留了一手
712.06,看着有点吓人呀这，肉肉麻麻的。玩的时候感觉怪怪的
363.369,tips:猜测，这是遗弃操作。
48.095,我深切的记得几年前就看过这个…
320.282,tips:在测试板，这里是能源核心，墙上的鼓包是压缩的人体电池（看不到我）
1624.658,《寻声者》
15.769,蔑视怎么就掉San了？
446.579,这个，嗯，这是个工具
730.584,夜魔巢穴（雾）
187.362,这支手套在测试板金属感很重，但是他现在像皮套耶
1055.099,我现在腹部痛起来了，感觉有人扒拉我肚子
136.159,超爱血肉科技！冲了！
39.551,它可算是发售了，跳票快十年了
688.958,筋膜枪
92.855,太好了，我正在吃饭，让我多吃两碗！
1091.158,母体？
843.752,我超，酷
54.619,玩的就是重口啊
62.139,这游戏遍地的生殖崇拜
967.412,GTFO是吧
1144.192,i佬起源？
1637.24,血肉科技加集体意识
1169.016,5000+
800.871,san值：75（xdm我呼吸心跳开始加快了，脑袋有点晕
12.395,I佬？
523.4,吉良吉影:这个我熟
1054.27,san值：2000%（别问我为什么）
1782.606,不行，我得让我朋友感受一下痛苦
0.66,纳祭魔（大嘘
1564.359,开始幻痛了
1.1,欲肉教狂喜
1280.344,榨汁
240.645,doom
1455.833,厚礼蟹
53.779,吃饭勿看
850.153,岁岁！
71.73,毁灭战士
991.471,皮薄馅大？
597.806,jojo立（确信）
169.392,克系味太重
929.406,我家哥哥
524.686,吉良吉影直呼内行
1007.676,大血包（确信）
128.04,看了直接下两碗饭
249.15,这是个异星工厂，不是什么飞船
38.787,才两个眼，作者还是保守了
242.921,这是个异星工厂，不是什么飞船
791.824,边吃饭边看doge
647.466,把手砍下来，给机器留一手
149.133,月球邪魔族（尬点down）
533.731,无主之地行为
1548.457,掀起你的头盖
1801.651,我想说灵龙跟这个不一样吧 别老沾边了
1414.91,扎瘤子是吧
1017.475,羊宝
679.446,生物科技
126.226,我看着好晕
111.899,说出来你们可能不信 我是边吃饭边看这个
61.758,年轻人，你知道我小时候画的是什么吗？我画的也是写肉科技啊！
1171.643,奥菲尔之罪是吧
1789.412,有点涩的那个，注意一下
930.779,我想起来我前几年看过这个游戏未制作完成时的剧透画面！！
248.699,我只希望你别再说全靠自己了，没提示这类游戏多了去了
1303.771,王德发（
313.411,出了VR可能玩前就要签协议了
231.276,我是路痴
511.118,san值：80%
1215.471,葛瑞克是吧
411.561,建议多放几个不发光的包过去，全给他抓碎，就简单了
1433.44,能不能别乱说灵笼啊，这游戏立项的时候灵笼还没出来呢
880.653,有点帅了呀
678.227,i 系武器
135.23,克苏鲁爱好者狂喜
835.641,夜魔克兰？
1300.927,发
129.368,warframe骨镙战舰既视感
74.739,谢谢，孩子很爱吃
464.147,san值：85%
669.95,三连有风险，点赞需谨慎！哈哈
295.998,呼叫奥迪斯，用登陆艇技能强行开门
60.797,没事，我连电脑都没有
1435.516,脊骨！！！
15.311,没有啊，看着就舒服。
159.587,血肉科技吗？卧槽我晚上刷到的
135.956,甜糯：熟啊！很熟悉啊！
1624.83,冲冲冲
146.997,虫族飞船
1550.486,《掀起你的头盖骨》
68.42,刚吃完，还好还好
525.493,你小兄弟没了
112.779,门锁坏了，烦人。
106.079,完了，9点了，上班又迟到了。
97.979,还是先睡一会儿吧。
88.179,今天还没打卡，要迟到了。
628.424,记你胎梅
31.528,PTSD了
1022.731,袜！吴克！
935.2,走得好不如接得好
847.457,如果我是DJ
1746.12,脑神经链接被寄生兽切断了？
63.442,昨天看波波玩了
1618.843,仓鼠传识
1791.55,好像灵笼啊
15.422,翻译:人傻了
510.848,（孵化）哈哈哈
152.25,天帷巨兽
544.94,对的蛋壳反过来放就可以留一个完整的工具人hhhhhhhhhh
895.588,宿傩：哇偶～
1349.201,吃手手
1550.982,掀起你的头盖骨
1740.67,逮到，小老弟
374.719,再抓一次
371.161,哈哈哈，没提示是真难受
1283.92,厚礼蟹
896.219,）想把自己撕成两半的伙伴
176.399,主角感觉不到痛的吗？
684.815,有没有一种可能，主角也是一个模具人苏醒的……
637.539,把他手断了
1439.187,帅啊
118.953,好多懂哥，啧啧啧
1062.301,那个俯身的动作感觉好温柔…
889.994,是四臂神皇
105.579,cpu有点高了，看看视频降一下
896.717,现在看着是伙伴，但最后主角就是要吧它搞下来看不太懂
1568.813,终于接了网线
1551.04,掀起你的头盖骨
890.68,没事我见过更猎奇的
9.419,妈耶，这游戏，还在测试吗？
1781.495,有点涩
152.039,亚空间里啥都有，锤佬肯定不陌生这种东西
873.04,我还以为是手雷
855.072,?
145.254,泰伦虫族
113.905,是jr.吉格的画风
1581.245,重新上传意识到新的身体
528.7,哈哈哈哈
1829.982,然后这地方是不是也被污染了？
213.653,我的名字就是“硕达”
1006.217,蓝球
1281.023,美汁汁儿
1189.268,金色大厅哈哈哈
864.817,军火展示
1814.84,我感觉我的肚子不舒服。。。。
1416.465,也就是说，这种情况以前也发生过，而且频率还不低
177.699,真敢伸手进去啊
63.459,别介啊
1231.234,战士一词好评高大
1824.337,八年弄出这么个玩意儿
1820.617,就这？制作组也不知道他们要表达什么
163.718,回去继续躺着不好吗？
145.163,腐肉朋克
69.868,高情商：模糊
1126.363,到最后直接变成战甲！我靠
466.934,我的蛋很大
1186.768,克苏鲁把这个。
488.859,完啦，到勺子这来了
1286.1,我去
71.179,魂斗罗，第八关
1120.02,不会是白绝吧
195.944,怎么哪都有仓鼠啊（恼怒
173.668,做得真的………
165.666,实际玩起来更晕，不是晕3D的问题
65.26,《非常新》
1838.377,恐怕挺难的 加油
1547.282,主角可能已经麻木了
1296.983,有四只手吧
19.432,啥平台？pc还是ps
762.139,沙耶之歌
911.297,寄生，共生
1545.321,啊像极了钻牙的声音 痛  太痛了
569.567,我们的文明创造了历史
1292.905,脑白金
1736.989,被撅了(悲)
1170.537,死寂 消亡
695.315,哈哈哈哈
1065.982,是小弟吗
1141.625,注意，这里没有血肉。
614.227,哈哈哈哈
1108.528,感觉应该用衪
860.756,莲蓬
159.87,你干嘛
1411.732,逻辑非常合理，没事的时候不用处理有事了想办法解决
137.464,利维坦？
1699.774,超巨既视感
1239.731,近视更严重了呀(
523.988,我徒弟呢？！！
1212.3,接肢葛瑞克
746.174,黑客帝国
743.87,黑客帝国？？
142.419,没一个打的对的，真无语，cos值tan值都出来了
850.258,被夺舍了？
937.019,说走咱就走哇！
689.297,白金突突
46.099,我以前看过这个广告
716.904,爆装备了
1833.982,有点东西
826.291,他就是男一，他左手上有钥匙。
643.104,你三连没了！
770.924,因为这是第二个主角
1126.907,我还是看看就好 太重口了
671.565,三连的代价
612.042,但在这个游戏里，你会对它感到温馨。
697.859,蚌埠住了，哈哈哈哈
1049.048,马娜生态（doge）
26.836,6
1548.783,轮回？
166.179,和世外之欲很像
104.466,你的眼睛看起来很好吃
1492.071,的确有隐射妻子的意思
107.303,"让我想起了《lust from beyond》,玩过之后浑身难受"
611.41,星期五是吧
96.245,那么多少钱呢
39.55,快点更下一期！！！！！！！！！
554.365,那岂不是能白嫖（
144.664,这个动态模糊太晕了
1121.243,白绝是吧
202.799,异变感染体任务
524.255,有个通道是电锯锯开，这个是杀了
696.903,笑死我了
933.555,本来挺喜欢星星的
160.299,完了，孙哥玩不了
19.034,看开头我还以为是独眼大宝
49.095,都建议现在把自己改装
1479.531,菜无心可活，人无心不可活
768.886,想红烧
1561.923,补全计划
1602.456,《传识》
727.273,虚空？
607.281,想五套
1434.563,被撅力
602.961,可爱捏
25.275,好治愈呀
8.808,可爱捏
1206.286,异形与工程师？
574.259,怎么有人在这个up的视频里一直ky啊，真烦人
290.893,电子榨菜越吃越香
937.634,口水只因
26.153,有种生物科技的感觉
924.121,小黑佛母
93.052,ufo值罢（恼
794.579,吃个羊头美滋滋
129.294,IKUN值狂掉（）
1748.867,只要能到那个地方
90.099,阿老八宵夜
1087.073,“她”？
50.819,不可能想亲自体验
145.73,星际争霸利维坦
752.419,原来主角是异形啊orz
1426.342,好伙计
380.777,预言家
1350.622,好家伙
867.07,理解设定后还是蛮帅的
1015.308,换A哥就叫虐杀蔑视
1433.2,有点酷是怎么回事
1539.872,痛起来了
1032.267,植物人
7.643,eva厨表示已经看乏了
652.55,三连没啦！！！(๑>؂<๑）
23.534,过时文案
609.041,七形的暖意
160.829,这种规则使我想起了小小梦魇
1540.326,噶腰子了
578.387,破壳梦
654.441,你的三连没了
1031.432,工程师wc
1308.667,玄只因
688.774,上面铅笔的太真实了
51.911,初中就知道这个游戏了，我现在都上大学了
1760.488,开始幻痛了
600.761,妈妈！
6.459,鲁鲁修
897.812,李火旺之蔑视分旺
761.552,焯！我刚想起来我还在吃饭
1591.335,挺好
845.552,李火旺既视感
23.015,像，很像啊！
628.455,双人成行了是吧？
313.876,那还解密干啥，直接爬上去啊
1151.499,这个不就是地铁
615.632,叫李岁（doge）
1022.798,地脉之花
725.315,骨傲天（幻视）
125.374,我扛不住了
99.177,我已经开始狂掉san
1067.268,伶俐龙骑
143.337,HR吉格的画风
1028.936,我去工程师
48.44,woc我吃饭刷到的…（悲
403.631,华容道？
89.512,李火旺视角既视感
1438.908,前面说涩的，虽然xp自由，但是希望你能冷静
1102.163,她到底是什么啊
984.385,哈哈哈
281.364,画风有点像恐怖版3D机械迷城
679.047,暗示山联没啦
612.267,这要是打怪游戏早就一枪崩了
627.778,果然，人孤单的时候，啥玩意都是可爱的
478.439,是把他手砍了放在开门的机关？
97.929,可爱捏
1251.09,无赖战士形态
1570.7,我们意念合一？
282.452,谢谢，已经懵了
99.995,宫崎老贼：这玩意和我没关系啊
1044.039,火卫二
1022.699,老孩子的地球之旅是吧
1733.054,擦  大哥
1407.553,这玩意看得我脑仁痛
1827.156,没懂
1587.146,夺舍？
505.899,另一个小老弟
222.077,开祷
123.9,就是这种走了，但是我记得是血红色的。
166.261,生物科技树
805.313,生物科技点满的星球
80.877,为什么我好像看别人玩过这个游戏？
296.998,鸡
780.819,奥罗金遗迹
725.261,这是另个角色了
1337.279,往后背开一枪，把这碍事的家伙干掉（恼）
1289.839,总不会，要我喝下去吧？
1083.179,她（）
747.006,啊 好痛
742.012,像啊，很像啊
711.015,椰汁
701.052,好消息有武器，坏消息有武器
1122.879,要是他不弄死我的话…好像也不是不能接受
1286.219,哇！他这么可爱，你竟然把他榨汁。你你你！
41.028,3年前就看过预告，没想到现在才发售
629.116,恐怖的三连数量
1069.339,你叫夏洛呀
793.372,血肉之城
92.719,这不出个VR
83.772,可爱捏
149.37,科技不知道，但确实是狠活
332.883,华容道
1284.98,脑花
1016.277,我测，尕娃
609.64,背刺可暴击。
146.059,沼泽与血肉之主，这不会是李昂吧
856.452,13号机
158.18,就像人族飞船被虫族感染一样
806.709,好像看到了抱脸虫的蛋
1026.95,boos
61.139,放心，全流程我都过完了，看视频这不轻轻松松？
512.593,握草
271.174,好的 再见
616.419,寻声者。
1417.723,《怡然》
1552.318,登阶
143.78,血肉苦痛，机械飞升！
838.889,弹幕就这么急着想展示自己看过？up不会说？
245.619,看视频的画面就已经有点晕了
1400.586,沃景教
12.399,血肉神教！血肉万岁！！
12.399,血肉神教！血肉万岁！！
1329.669,头皮发麻
973.67,m
1420.393,好疼
748.475,黑客帝国？
978.216,就是在下
934.38,《GTFO》
697.171,这玩意还不如一根棍实在吧。
1828.779,还第二部咋滴还想等几年
861.031,抓住了你滴肾
587.726,往复锯不伤肉只锯硬的东西
145.037,然后发现自己也不是人 哪没事了
653.502,一键三连没了
1335.022,不是规定时间的问题，是必定的，按照流程走，打完就会长，因为被寄生了，去除都还会长回来
194.47,什么仓鼠，是碎石吧
693.059,哈哈哈哈哈
197.852,笑死哪里都有仓鼠
1744.335,不要停下来啊
937.642,小花生更合适吧
7.0,这种风格早在上世纪科幻日漫玩剩下了
972.928,老戴
1081.18,有点像法环里的蚯蚓脸
862.646,神圣的卡拉连接着每一个人
1415.334,呲
40.294,我的天呐，都三点多了，你们还不睡？你们都是牛逼呀
1282.894,恶
1098.294,D区
1065.654,啊啊啊离我远点
1556.318,通网了
1052.47,灵笼
456.779,真聪明
1271.39,好想养一只
699.059,铁甲城是吧
1267.945,忍者神龟阿特姆！！
1456.445,外附魂骨
1618.659,云脑子
694.855,hhhhhh
603.07,好想养一只
148.352,EVA直呼内行！
1309.339,两开花
1234.131,刑天是吧
1201.534,我以为是放屁鼓包了
513.699,？
314.659,不怕不怕
267.139,上古卷轴5里拿上古卷轴的矮人机关不看攻略难的要命
648.43,那还是把他噶了没痛苦
616.864,+++++++++++++++++++++++++++++++++++++++++++++++++++++++++++++++
604.384,+++++++
598.502,+++++++++++++++++++++
596.379,，，，，，，，，，，，，，，，，  ，   ，，     ，， ， ，， ，   ，，
515.299,我运气好一遍走了个破壳还能活的路
1834.705,通关后第一感觉是应该有多结局，而自己打出了坏结局…结果到处查发现就这一个结局…
611.102,明前奶绿
1461.11,猛人
260.426,正在进入无人机，看到的我将告诉你们
517.862,我看别人的还有电锯，锯出来
990.441,黑魂三罗莎莉娅的信徒蛆人
917.716,岁岁笑死我了
1437.642,斯安威斯坦（无端）
1789.416,亚当和夏娃
1125.539,尖锐湿疣
1480.379,亚当与夏娃
986.132,几个王室幽魂我都盾戳满血过
282.626,给我看饿了
1201.321,像不像异形寄生以后的画面，即将破肚而出
931.863,怎么这些怪越看越像死亡空间
292.11,好难
1086.487,看别的完整录像就知道了，这玩意似乎有两个大艿
642.528,可见三连就是错误
51.799,两点了，两千人在看
160.14,血肉的尽头，基因飞升
128.86,玩完后可以在去开一轮虫族基因飞升的群星了
1133.008,脊柱区？
892.543,葛瑞克是吧！
536.002,这里有两个结局
915.005,可爱的
462.936,可爱捏
1048.104,巨物恐惧症犯了
1263.377,有点像植物大战僵尸里的矮子僵尸
1213.89,这真的好苯教啊……去西藏的老佛寺走一趟就有这种氛围了
1224.869,bb
1195.907,有藏传苯教内味儿了
188.702,机械战警？
1080.429,没有下巴无法攻击（行尸走肉）
1124.521,有点类似刺杀小说家里的那副铠甲
976.994,等一会狗子就自己回家了，就小黑子要打死
1485.421,看着有点兴奋
41.874,。。
473.059,主角实际上也没差多少哈哈啊哈
686.834,炮机
1279.806,王马小吉
28.413,有人吗
22.433,你的文笔不错是文科生吧
328.388,我称之为毛鸡蛋
133.22,狂掉ktv值
864.149,求BGM!!!
1619.809,远程控制操纵器
1448.307,从背后抱你时候期待的却是它的面容
8.059,终于更新了
1565.91,你必须切断与卡拉的链接
1175.179,生殖崇拜
1712.776,路的尽头是海的入口
1170.995,这个文明不是自我毁灭就是被入侵了
955.674,一个区域两个这玩意堵你前路后路给我整蒙了
1170.563,空无一“人”，毛骨悚然
543.779,真-留一手
1099.823,这游戏费血
286.579,4000人，一点钟
1273.771,宝宝金水
1574.556,上网吧咯
41.18,生物科技
1267.0,忍者神龟的克朗
759.865,生化危机版黑客帝国
237.734,虽然会劝退一些人，不过这样设计代入感直接拉满
1141.599,坐忘道是吧
25.699,鸡皮疙瘩
894.611,艾尔登法环后续了？催更！
1297.667,脑袋开花
784.899,《传识》
1510.139,或者还有第三主角
1503.139,应该还有dlc
376.786,我就卡这里了
112.016,我的jab直很高
686.134,这叫搋子枪
772.355,这是人类骸骨啊
270.78,在这里向里走到电梯门口那个是很明显的处决设施
663.681,一开始我以为救或者不救会触发不同结局
651.228,暗示不能三联
233.185,临场感代入感拉满
575.454,我觉得这个更残忍吧。孤独的被困在控制台到死
155.587,有点超越欲望，痛苦地狱的那种感觉
50.547,游戏除了不好玩，啥都好...
690.337,怼怼枪
872.569,握草出来拿下真的很帅7
125.12,是sin值吧
932.967,前面的可以躲，后面的有些躲不了
1687.971,回归母亲的肚子
1545.952,登阶！
201.869,让我想到了帕斯卡契约
7.164,这谁啊？
1614.61,素子：网络无限宽广
91.166,阴暗地爬行
521.789,应该推翻有电锯的那个房间里
8.379,I系科技
1782.019,太可惜了
45.359,这游戏感觉五六年前就看过预告片
476.393,这个是加装提手装置，便于抓取
1124.801,这个游戏和灵笼哪个先出来的
472.553,这是奴隶阶级，只会被当成工具
142.64,太空骑师科技树
866.138,为什么他没手表就可以变身？
114.121,工程师飞船
1796.139,蔑视生命
1626.169,地狱乐
1139.641,出生了
165.386,银河战士
1574.302,这结局确实惊艳到我了
27.502,UP说出了我的感受
1623.325,那花像个蝴蝶
25.566,所以雷德利老爷子快点搞异形前传3呀
24.679,san值狂掉
1550.49,沃日
85.389,克系？
19.401,终于等到这游戏发售了
866.857,好家伙，装备包是活的？！
613.885,平地摔！
954.849,手有装置呀
97.574,这游戏侧重点就不在恐怖
1120.542,这里起鸡皮疙瘩了
618.458,不敢三联
676.782,好消息：有武器，坏消息：有武器
1749.539,被撅了
631.542,两个装置不一样那俩人换一下行不
129.459,像肠子
893.619,战术背包
673.899,血肉科技就是对生命的蔑视，带着感情这游戏玩的难受
449.014,小飞棍来咯
622.178,???
1750.914,真是服了，就这么爱我吗
422.779,说明没玩过华容道
1637.787,帅啊，这美术设计太可怕了
512.099,《孵化》
106.602,也可以理解成另一种病毒入侵
614.27,异颜丁真
28.19,这部烂片…血压三百
346.859,华容道
1145.635,刀锋圣王
1138.208,刀锋男王
964.417,风灵月影
705.383,这玩意估计参考了异性的舌头
859.479,成憎恶了
615.932,Wilson！
1824.526,太压抑了
536.523,我是把他放在锯子那里吧壳锯开，他就可以活下来
710.917,田螺
903.04,两个二臂？
309.339,场景太棒了
1127.899,这玩意该叫“活体生物寄生强化装甲”强化身体的同时不断蚕食身体
1295.276,主角中途去机器里清理了一次
693.838,哈哈哈哈哈哈
39.837,嗯，这玩意真的出了
1026.373,应该是生物冷冻休眠舱。
971.76,坐等风灵月影宗出手
128.42,菌摊铺的好啊
1046.375,那个“人”刚诞生就已经死了
892.784,真正的活体生物装甲
1805.974,？？没啦
785.392,这里就是换人了，左手的钥匙就没了是一个点
859.661,岁岁是吧
731.706,这是另一个主角了
1552.012,痛觉消失那个电影
1451.75,后边怎么是个人啊
1813.003,莫名其妙
1187.658,金色大厅
600.285,真的好可怜，同情心太强的人玩不了这游戏
810.896,。。怎么这么点弹幕我好害怕
1137.739,没有老鼠和蟑螂出现是不科学的。
692.771,不如拳头哈哈
463.345,很可怜
4.859,三连再看，已成习惯
286.803,梦回鬼泣4里面的城堡关卡，每次玩都是我的噩梦
1015.7,春袋
1820.786,应该有2
517.436,都不动了这
1172.75,这左右雕像的姿势……好耶
433.467,长成人形了
690.574,异形舌头
659.581,把手砍了小兄弟继续
618.832,更吓人了
151.339,星际争霸 利维坦得感觉
748.697,其他up码打的都没法看
1029.122,工程师
789.337,这游戏制作团队很牛逼阿
1828.595,寄生兄弟最终怀抱主角，真成虐恋情深了
1142.611,该隐赫斯特
51.591,你说这个我可就不困了
111.506,4000哥们儿都醒着呢
408.686,华容道
1789.971,被污染了?
591.037,不知道为什么 其他实况up特别喜欢打玛 但是我看这也不用啊？
1097.859,都挤碎了
1669.038,疼痛刺激？
1688.91,这门太奇妙了
798.467,那枪 科技含量就不高
795.919,看不出发达
569.835,弄活了他，你后面也就开始遭罪了，直至最终都会受到他的折磨
857.387,四臂神皇^0^
402.927,华容道？？
1596.865,这具躯壳的眼睛在哪里?
941.483,略~~~
1088.945,前面的，前一个主角这会在你脊柱上
1432.854,一路背着这么个玩意儿
1443.265,竟然真是贴贴
52.199,太血腥了，我根本不敢买来玩
1261.761,剑风传奇里的畸婴
99.346,这样的世界，得到了力量，又什么用？
1255.705,烙印战士
1127.699,哪里都有仓鼠，就游戏里没有
17.517,故弄玄虚，
647.527,你山联没了（呜呜呜）
67.399,这游戏从试玩版开始等我等了8年
641.298,山联没了（呜呜呜）
943.884,我在吃手撕鸡
887.042,战术携行具
851.047,无法反抗，静静享受
1023.065,更像个人
804.991,在吃肉骨头
775.942,等等，我点歌个牛大骨外卖再看
891.528,决定就是你了！怪力！
922.702,又想吃海鲜了
698.151,当他发射的瞬间，不好意思破防了
651.746,在门后面呆着还能听见他在里头叫唤
903.431,什么虐恋情深
894.731,求第三人称视角哈哈哈
1103.442,她在求你放过她
555.459,反着放就行
476.888,烫头
1098.45,她在求饶
1266.838,人类的创造者？
406.068,华容道
913.113,你舅宠她吧
947.801,毁灭战士粉红魔?
649.539,决别之刻已至
807.374,刚才的主角，枪被融合到尾巴上了
1776.774,多少有点莫名其妙
990.377,馄饨是么。。。。
1631.299,看着像是躺太久了，烂掉了。
93.939,好喜欢
97.086,地面还算干净
1205.4,葬老六
1519.219,这里一段开脑壳。
1765.249,玩了个寂寞
3.679,高产啊，附魔星
1280.392,朗格
313.338,皮裤鼓包了
800.081,贰瓶勉!贰叔的风格更机械
1132.523,娃啊，你着了道了
76.066,很怀疑创作者是在怎样的精神状态下创作这款游戏的
690.561,噗，哈哈哈笑喷了
110.019,第一人称，看来只能过下眼瘾了
679.081,想吃海鲜了
892.159,小葛是吧
1464.462,哦，寄生兽干掉会掉可乐（不是）
58.859,这个确实重口了一点
119.241,感觉这个第一视角好晕啊
1288.699,为啥不直接打开然后按进去？
1053.679,想起灵笼
120.317,这里真的有普罗米修斯的感觉
16.105,这个游戏难不难
1494.215,真的像李火旺 全是伤 拿命换成果
642.659,你山联没啦
171.003,太吾绘卷23333
335.705,电路图
414.54,woc华容道
409.748,这个直接劝退我了，华容道弱鸡…..
208.024,已经晕了
104.592,我的van♂值不够
1400.891,甲沟炎
1540.668,啊啊啊啊啊
97.078,很难想象当时制作组的精神状态
1026.95,是你吗工程师？
615.154,可爱捏
774.718,第一幕爬行其实是男一已经被腐蚀变异
846.723,这是岁岁
774.718,两个主角
737.891,亚空间
432.544,小可爱
882.205,哈哈哈哈哈哈逐渐熟悉
181.444,顶针
290.155,哼啊啊啊
639.745,双人成行
683.432,总感觉这种武器很帅
1738.619,只要进了此番轮回（bushi）
641.704,你山联没了
1087.87,我打这里还没拿到散弹枪。
1027.279,这也太像普罗米修斯的工程师了吧
1002.734,睾领之花
700.398,飞吻枪
109.294,SAN值：114
735.656,艾卡西亚
692.018,异形吻吻枪
659.948,你的易见山联没了
1438.859,厚礼蟹，san值狂掉！！！！！！
12.845,好酷
1145.15,亚诺尔隆德（不是）
521.363,这叫孵化？确定这不是生挖？
1172.521,充满孕育生命的气息
711.506,真难玩，纯劝退
738.718,这是第二个主角，已经不是刚才的那位主角了
645.471,你三联没了
210.067,这个用VR玩才爽吧
650.929,解说风格感觉不是那么契合这个游戏的氛围
182.939,灭骸之刃哈哈哈
1439.991,下饭
516.371,小兄弟留了一手
331.121,抱脸虫蛋
106.521,是san值吧
103.623,这是两个视角？一个黏腻一个废土
174.3,致敬JR吉格尔
310.711,人手不足（物理，看到后面就懂了）
465.481,然鹅我可能玩着玩着就爆粗了
439.223,榨汁机
1788.322,为啥我会想到灵笼的开头
1194.006,帝皇在上!
737.417,这是第二个主角男二
95.622,我san值不多，我tan值挺多
13.873,派大星既视感
1730.634,娃啊，你不能走
1413.242,5星密室。6星应该涉及真结局吧
871.669,这个画面 确定不玩？
967.316,风灵月影没出 wemod现在有
869.862,要做就做彻底一点，不要搞什么奇怪皮肤正常功能的枪械
1438.056,脊骨
700.043,生物科技是这样的
1298.152,发，花
297.186,战神听了直呼内行
512.077,挖掘机 哪家强
1289.181,美汁汁
405.919,华容道呀，我最不擅长的解密游戏
65.491,up主求生欲极强
410.046,突然没意思了
241.028,优秀自然的引导玩法 是符合本能直觉的
137.451,/
557.972,视生命为工具，这就是最大的蔑视
768.779,普罗米修斯和异形呗！
1828.212,喜欢
601.057,可爱捏
372.631,娃娃机
1816.617,蒙鼓人
143.932,遇战疯人
119.401,黑暗之蛊
1825.125,期待下一部
320.819,普罗米修斯
157.032,有点像铁血科技
551.619,不是说好的开背吗。。。。
695.387,还没电钻威力大
693.907,哈哈哈哈哈哈
672.199,.
1205.814,异形破胸者
74.409,这游戏绝对下饭
688.198,哈哈哈哈
734.657,这应该是另一个主角了吧
538.422,只因？（鸡）
648.375,还不如不孵化（doge）
896.359,发现基因窃取者
696.822,筋膜枪
1803.865,这情节太棒了 我倒觉得这个可以出小说
662.473,这小兄弟活着还不如死了
1621.735,摄像头（
694.649,拿条棍比这好使
1596.959,升级了
1566.199,我超蜂巢思维！
1344.941,我在吃泡面
1065.152,她
1060.796,blame里的大型安全警卫
142.867,游戏就是有点短。
1307.666,循声者
218.969,生化危机有些场景是这样，根本不晓得该干嘛，挺痛苦的
1040.088,你怎么敢假定主角是银？
697.825,哈哈哈哈哈
334.871,3
647.888,看见了么 这就是一键三连的代价（狗头）
1772.372,估计靠销量经费推出第二章
1007.969,四蛋
613.511,正常是3d打印一个钥匙，这里是打印一个人，纯工具罢了
1452.975,脊蛊
533.528,《留了一手》
501.017,《孵   化》
1273.311,美汁汁儿
506.035,永远不会玩的类型
1675.319,什么李火旺
1666.942,这里玩的感觉心如刀割
1653.971,我救我自己
479.995,霍金
133.658,生物科技
1532.286,玩到这里我以为是机械战警，肉体转移机械飞升
991.081,我记得前面一个人正在吃饺子……
887.861,是你，基因窃取者！
1380.64,李火旺直呼内行
192.978,哈哈这里都有仓鼠啊
168.858,袖剑获得
62.973,笑死 根本不敢玩
4.499,eva
890.64,邪神(doge
147.947,星际争霸，兽族的飞船
902.086,这是在教你登阶
915.574,神他喵的岁岁哈哈哈哈哈
1840.736,制作者都不知道是什么故事
1179.594,这招叫做火车便当
1265.381,咚桃太郎闻讯赶来
639.852,其实你和他没神马尿样
284.339,孩怕
878.442,我去 有点帅啊这个
162.221,没玩游戏之前。就没听说过天诺，玩了游戏之后感觉到处都是仓鼠。
691.657,我笑了
1443.637,灵笼
